Date,Open,High,Low,Close,Adj Close,Volume
2016-01-18,21.687500,22.187500,21.250000,22.187500,16.802080,368000
2016-01-19,22.250000,22.250000,21.812500,22.250000,16.849407,157600
2016-01-20,22.375000,22.375000,21.875000,22.000000,16.660089,276000
2016-01-21,22.000000,22.312500,21.937500,21.937500,16.612761,305600
2016-01-22,22.062500,22.250000,21.937500,22.062500,16.707420,228000
2016-01-25,22.312500,22.750000,22.125000,22.312500,16.896738,475200
2016-01-26,22.312500,22.437500,22.187500,22.375000,16.944069,96800
2016-01-27,22.625000,22.750000,22.312500,22.312500,16.896738,171200
2016-01-28,22.500000,22.625000,22.437500,22.500000,17.038727,143200
2016-01-29,22.500000,22.812500,22.437500,22.687500,17.180719,297600
2016-01-30,null,null,null,null,null,null
2016-02-01,22.437500,23.000000,22.437500,22.937500,17.370037,241600
2016-02-02,22.937500,22.937500,22.500000,22.875000,17.322708,154400
2016-02-03,22.687500,22.875000,22.687500,22.687500,17.180719,214400
2016-02-15,22.687500,23.250000,22.687500,23.062500,17.464697,320800
2016-02-16,23.000000,23.312500,23.000000,23.250000,17.606688,337600
2016-02-17,23.250000,23.312500,23.062500,23.187500,17.559359,215200
2016-02-18,23.187500,23.312500,23.062500,23.250000,17.606688,472000
2016-02-19,23.250000,23.250000,23.062500,23.062500,17.464697,156000
2016-02-22,23.062500,23.250000,23.062500,23.187500,17.559359,220000
2016-02-23,23.250000,23.500000,23.125000,23.125000,17.512028,271200
2016-02-24,23.062500,23.250000,23.062500,23.125000,17.512028,117600
2016-02-25,23.062500,23.250000,23.000000,23.062500,17.464697,342400
2016-02-26,23.125000,23.125000,22.937500,22.937500,17.370037,229600
2016-03-01,22.937500,23.312500,22.937500,23.250000,17.606688,249600
2016-03-02,23.375000,23.375000,23.125000,23.312500,17.654015,378400
2016-03-03,23.375000,23.625000,23.250000,23.625000,17.890667,450400
2016-03-04,23.750000,24.062500,23.750000,23.937500,18.127314,819200
2016-03-07,23.937500,24.187500,23.937500,23.937500,18.127314,368000
2016-03-08,24.000000,24.125000,23.812500,23.937500,18.127314,288800
2016-03-09,24.125000,24.125000,23.750000,23.937500,18.127314,277600
2016-03-10,23.937500,24.000000,23.812500,23.937500,18.127314,197600
2016-03-11,24.000000,24.062500,23.875000,23.937500,18.127314,244800
2016-03-14,24.000000,24.000000,23.812500,23.812500,18.032656,289600
2016-03-15,23.812500,24.000000,23.687500,23.687500,17.937994,272000
2016-03-16,23.687500,23.875000,23.625000,23.875000,18.079985,180800
2016-03-17,23.875000,24.000000,23.500000,23.750000,17.985323,339200
2016-03-18,23.750000,24.000000,23.625000,23.937500,18.127314,254400
2016-03-21,23.937500,24.125000,23.937500,24.062500,18.221975,233600
2016-03-22,23.937500,24.750000,23.937500,24.687500,18.695272,740800
2016-03-23,24.750000,24.875000,24.312500,24.500000,18.553284,316800
2016-03-24,24.500000,24.500000,24.187500,24.312500,18.411295,259200
2016-03-25,24.125000,24.437500,24.125000,24.125000,18.269304,304800
2016-03-28,24.125000,24.625000,24.062500,24.437500,18.505953,463200
2016-03-29,24.625000,24.625000,24.250000,24.250000,18.363964,332800
2016-03-30,24.250000,24.687500,24.250000,24.312500,18.411295,250400
2016-03-31,24.375000,24.375000,24.187500,24.312500,18.411295,114400
2016-04-01,24.312500,24.375000,24.062500,24.187500,18.316633,144800
2016-04-06,24.062500,24.250000,23.937500,24.125000,18.269304,158400
2016-04-07,24.312500,24.562500,24.312500,24.437500,18.505953,350400
2016-04-08,24.375000,25.125000,24.312500,25.000000,18.931921,776000
2016-04-11,25.250000,26.000000,25.250000,25.625000,19.405218,889600
2016-04-12,25.625000,25.687500,24.937500,25.000000,18.931921,514400
2016-04-13,25.000000,25.250000,24.937500,25.000000,18.931921,212000
2016-04-14,25.000000,25.375000,25.000000,25.312500,19.168570,151200
2016-04-15,25.437500,25.437500,25.125000,25.125000,19.026581,169600
2016-04-18,25.312500,25.375000,25.062500,25.062500,18.979250,137600
2016-04-19,25.125000,25.437500,25.125000,25.250000,19.121239,174400
2016-04-20,25.500000,25.562500,25.187500,25.187500,19.073908,406400
2016-04-21,25.250000,25.375000,25.062500,25.125000,19.026581,252800
2016-04-22,25.125000,25.250000,25.000000,25.125000,19.026581,290400
2016-04-25,25.125000,25.250000,25.000000,25.187500,19.073908,310400
2016-04-26,25.250000,25.312500,25.062500,25.187500,19.073908,124800
2016-04-27,25.312500,25.312500,25.000000,25.125000,19.026581,248000
2016-04-28,27.625000,27.625000,27.625000,27.625000,20.919773,2597600
2016-04-29,28.750000,29.312500,27.875000,28.625000,21.677050,5732800
2016-05-03,28.625000,28.750000,28.000000,28.500000,21.582392,2456000
2016-05-04,28.062500,28.312500,27.750000,27.750000,21.014433,1398400
2016-05-05,27.625000,28.062500,27.625000,28.000000,21.203753,792000
2016-05-06,28.375000,29.125000,28.375000,28.750000,21.771709,2590400
2016-05-09,28.437500,28.812500,28.062500,28.437500,21.535059,1140000
2016-05-10,28.375000,28.687500,27.937500,28.687500,21.724380,1200800
2016-05-11,28.625000,29.750000,28.625000,29.750000,22.528988,3104000
2016-05-12,29.937500,31.125000,29.875000,30.437500,23.049614,4766400
2016-05-13,30.312500,30.687500,29.875000,30.312500,22.954952,1824800
2016-05-16,30.250000,30.687500,30.187500,30.437500,23.049614,1208800
2016-05-17,30.625000,30.750000,30.250000,30.437500,23.049614,1193600
2016-05-18,30.312500,30.812500,30.250000,30.625000,23.191605,1528000
2016-05-19,30.500000,30.812500,30.000000,30.375000,23.002285,1970400
2016-05-20,30.250000,30.437500,29.562500,29.625000,22.434326,1128800
2016-05-23,29.750000,30.250000,29.437500,30.000000,22.718306,1160800
2016-05-24,30.187500,30.187500,29.625000,29.937500,22.670975,636800
2016-05-25,30.062500,30.187500,29.687500,29.875000,22.623646,704000
2016-05-26,29.875000,30.375000,29.875000,30.375000,23.002285,1295200
2016-05-27,30.437500,30.812500,29.875000,30.437500,23.049614,1338400
2016-05-30,30.375000,30.562500,30.062500,30.250000,22.907623,784800
2016-05-31,30.437500,30.937500,30.375000,30.562500,23.144274,1627200
2016-06-01,30.875000,31.687500,30.812500,31.500000,23.854221,3981600
2016-06-02,31.812500,32.375000,31.125000,32.375000,24.516836,3342400
2016-06-03,32.375000,33.000000,32.062500,32.875000,24.895475,2409600
2016-06-04,null,null,null,null,null,null
2016-06-06,33.187500,34.125000,32.687500,33.125000,25.084797,4155200
2016-06-07,33.562500,34.125000,33.500000,33.625000,25.463436,3094400
2016-06-08,33.750000,34.437500,33.062500,33.625000,25.463436,3029600
2016-06-13,33.500000,33.562500,32.562500,32.750000,24.800816,1609600
2016-06-14,32.750000,33.375000,32.250000,33.375000,25.274117,1864000
2016-06-15,33.625000,34.125000,33.375000,33.812500,25.605423,2013600
2016-06-16,33.687500,34.062500,33.687500,33.937500,25.700081,1409600
2016-06-17,34.000000,34.812500,33.937500,34.500000,26.126049,3872000
2016-06-20,34.750000,37.937500,34.687500,35.250000,26.694010,6683200
2016-06-21,35.250000,35.375000,34.687500,35.187500,26.646679,1671200
2016-06-22,35.125000,36.000000,34.812500,35.562500,26.930658,1685600
2016-06-23,35.375000,35.875000,34.812500,34.937500,26.457359,1326400
2016-06-24,35.125000,35.500000,34.000000,34.437500,26.078720,1672800
2016-06-27,34.437500,34.875000,34.187500,34.875000,26.410030,864000
2016-06-28,34.500000,35.187500,34.500000,34.625000,26.220711,168000
2016-06-29,34.875000,34.937500,34.125000,34.625000,26.220711,1336800
2016-06-30,34.875000,34.937500,34.437500,34.562500,26.173380,838400
2016-07-01,34.812500,35.437500,34.500000,35.062500,26.552021,1770400
2016-07-04,35.187500,36.250000,35.125000,35.812500,27.119976,2400000
2016-07-05,36.125000,36.812500,35.812500,36.187500,27.403955,2293600
2016-07-06,35.937500,36.437500,35.750000,36.000000,27.261965,1492800
2016-07-07,36.312500,36.500000,35.875000,36.062500,27.309296,752800
2016-07-08,36.062500,36.062500,36.062500,36.062500,27.309296,0
2016-07-11,36.375000,36.375000,35.750000,35.750000,27.072645,662400
2016-07-12,35.750000,37.937500,35.750000,37.250000,28.208563,6292000
2016-07-13,37.625000,37.812500,37.125000,37.312500,28.255892,2059200
2016-07-14,37.625000,39.687500,37.562500,38.875000,29.439137,6936800
2016-07-15,38.875000,40.875000,38.875000,40.875000,30.953690,6278400
2016-07-18,41.125000,41.875000,37.937500,40.000000,30.291075,7003200
2016-07-19,40.375000,42.500000,40.187500,42.125000,31.900286,4729600
2016-07-20,41.937500,43.937500,41.250000,42.500000,32.184265,6448800
2016-07-21,42.687500,42.937500,41.562500,42.500000,32.184265,2375200
2016-07-22,42.562500,42.937500,41.625000,41.750000,31.616304,1762400
2016-07-25,41.625000,42.250000,39.375000,40.375000,30.575054,4093600
2016-07-26,40.375000,41.562500,40.375000,40.437500,30.622383,2176000
2016-07-27,40.812500,41.000000,39.375000,39.562500,29.959768,1988800
2016-07-28,39.625000,41.875000,39.375000,41.625000,31.521646,3348800
2016-07-29,41.812500,42.125000,40.500000,41.125000,31.143009,2107200
2016-08-01,40.625000,41.875000,39.562500,40.312500,30.527723,2916000
2016-08-02,40.312500,40.875000,39.562500,39.812500,30.149086,1772000
2016-08-03,39.937500,40.375000,39.812500,40.187500,30.433062,1641600
2016-08-04,40.375000,41.375000,39.750000,41.062500,31.095678,2796800
2016-08-05,42.125000,42.937500,41.625000,42.000000,31.805628,4729600
2016-08-08,42.375000,42.375000,40.812500,41.250000,31.237669,2009600
2016-08-09,41.250000,41.750000,40.875000,41.500000,31.426987,2356000
2016-08-10,42.125000,45.562500,42.000000,45.125000,34.172119,14208800
2016-08-11,45.125000,46.375000,43.625000,45.312500,34.314110,6799200
2016-08-12,46.375000,47.562500,45.875000,46.750000,35.402691,7291200
2016-08-15,47.000000,47.437500,45.625000,47.187500,35.734001,2444800
2016-08-16,46.750000,47.312500,45.687500,46.062500,34.882061,2212000
2016-08-17,46.000000,46.500000,45.687500,46.250000,35.024055,1872000
2016-08-18,46.500000,46.875000,46.000000,46.562500,35.260704,3089600
2016-08-19,45.500000,46.375000,45.312500,45.312500,35.299656,3003200
2016-08-22,44.812500,44.937500,43.500000,44.000000,34.277180,1662400
2016-08-23,44.625000,45.750000,44.625000,45.500000,35.445721,1616000
2016-08-24,46.000000,46.125000,45.312500,45.562500,35.494411,1254400
2016-08-25,45.375000,45.437500,44.625000,44.937500,35.007519,811200
2016-08-26,44.812500,44.812500,44.125000,44.312500,34.520630,775200
2016-08-29,44.375000,45.375000,44.375000,45.250000,35.250965,891200
2016-08-30,45.312500,45.375000,44.312500,44.750000,34.861450,997600
2016-08-31,44.625000,44.625000,41.937500,43.187500,33.644222,3576800
2016-09-01,43.000000,43.812500,42.625000,43.062500,33.546844,1502400
2016-09-02,43.125000,43.437500,40.812500,41.687500,32.475681,2531200
2016-09-05,41.437500,42.187500,40.625000,41.750000,32.524368,1846400
2016-09-06,42.625000,42.937500,42.187500,42.750000,33.303402,1092800
2016-09-07,42.875000,43.125000,41.375000,42.250000,32.913883,1620000
2016-09-08,42.000000,42.437500,41.500000,41.687500,32.475681,1054400
2016-09-09,41.750000,41.875000,40.625000,41.000000,31.940102,1543200
2016-09-10,null,null,null,null,null,null
2016-09-12,40.375000,41.125000,40.187500,40.312500,31.404520,1153600
2016-09-13,41.000000,41.000000,40.000000,40.312500,31.404520,868000
2016-09-14,40.125000,40.562500,40.000000,40.312500,31.404520,564800
2016-09-19,40.625000,41.562500,40.625000,41.000000,31.940102,1036800
2016-09-20,40.875000,41.687500,40.875000,41.500000,32.329613,1136000
2016-09-21,41.625000,42.000000,41.500000,41.875000,32.621750,1287200
2016-09-22,42.000000,42.062500,40.687500,40.750000,31.745342,912000
2016-09-23,40.375000,41.750000,40.375000,41.500000,32.329613,917600
2016-09-26,41.250000,41.562500,40.875000,41.250000,32.134857,688800
2016-09-27,41.250000,41.250000,41.250000,41.250000,32.134857,0
2016-09-28,41.250000,41.250000,41.250000,41.250000,32.134857,0
2016-09-29,41.625000,42.375000,41.250000,42.125000,32.816505,1292800
2016-09-30,42.000000,42.000000,41.250000,41.312500,32.183548,458400
2016-10-03,41.312500,41.500000,40.875000,41.062500,31.988789,427200
2016-10-04,40.875000,41.500000,40.375000,41.375000,32.232239,1230400
2016-10-05,41.312500,41.750000,40.937500,41.187500,32.086166,646400
2016-10-06,41.750000,43.750000,41.375000,43.562500,33.936356,3250400
2016-10-07,43.937500,47.312500,43.625000,46.750000,36.419506,9846400
2016-10-11,47.250000,48.687500,43.625000,45.812500,35.689171,6298400
2016-10-12,45.125000,45.437500,44.375000,44.625000,34.764072,1756800
2016-10-13,44.875000,45.125000,43.375000,43.937500,34.228493,1348800
2016-10-14,43.937500,44.062500,41.875000,42.687500,33.254711,1884800
2016-10-17,42.375000,45.125000,42.375000,44.875000,34.958832,2613600
2016-10-18,44.937500,45.250000,43.500000,44.000000,34.277180,1551200
2016-10-19,44.312500,44.750000,43.812500,44.125000,34.374561,1826400
2016-10-20,44.000000,46.125000,43.875000,45.437500,35.397034,4067200
2016-10-21,36.349998,36.349998,36.349998,36.349998,28.317625,0
2016-10-24,36.349998,36.349998,36.349998,36.349998,28.317625,0
2016-10-25,36.349998,36.349998,36.349998,36.349998,28.317625,0
2016-10-26,36.349998,36.349998,36.349998,36.349998,28.317625,0
2016-10-27,36.349998,36.349998,36.349998,36.349998,28.317625,0
2016-10-28,36.349998,36.349998,36.349998,36.349998,28.317625,0
2016-10-31,36.349998,36.349998,36.349998,36.349998,28.317625,0
2016-11-01,36.349998,36.349998,36.349998,36.349998,28.317625,0
2016-11-02,36.349998,36.349998,36.349998,36.349998,28.317625,0
2016-11-03,36.349998,36.349998,36.349998,36.349998,28.317625,0
2016-11-04,39.799999,40.250000,38.650002,38.650002,30.109386,4569000
2016-11-07,38.400002,38.450001,36.650002,37.200001,28.979803,2713000
2016-11-08,37.200001,37.700001,36.099998,37.049999,28.862946,2121000
2016-11-09,37.299999,37.400002,33.349998,34.000000,26.486912,3835000
2016-11-10,35.000000,36.200001,35.000000,35.700001,27.811260,2501000
2016-11-11,35.049999,35.049999,33.150002,34.000000,26.486912,2452000
2016-11-14,33.849998,35.700001,33.849998,34.299999,26.720621,2640000
2016-11-15,34.549999,35.900002,34.500000,35.200001,27.421747,1879000
2016-11-16,35.200001,35.799999,35.049999,35.299999,27.499647,758000
2016-11-17,34.900002,35.200001,34.500000,34.500000,26.876425,737000
2016-11-18,34.650002,35.400002,34.650002,34.849998,27.149084,785000
2016-11-21,34.900002,37.500000,34.900002,37.000000,28.823997,2761000
2016-11-22,37.200001,37.349998,36.250000,36.549999,28.473431,1759000
2016-11-23,36.700001,37.299999,36.299999,36.349998,28.317625,758000
2016-11-24,36.500000,36.700001,36.299999,36.349998,28.317625,442000
2016-11-25,36.200001,36.599998,35.799999,36.049999,28.083920,463000
2016-11-28,36.299999,36.950001,36.150002,36.200001,28.200771,475000
2016-11-29,36.200001,36.349998,35.750000,36.099998,28.122868,580000
2016-11-30,36.250000,36.500000,36.000000,36.150002,28.161823,317000
2016-12-01,36.150002,37.799999,36.049999,37.150002,28.940849,2053000
2016-12-02,37.500000,37.650002,36.650002,36.950001,28.785046,844000
2016-12-05,37.000000,37.049999,36.400002,36.400002,28.356581,423000
2016-12-06,36.599998,37.000000,36.200001,36.849998,28.707140,583000
2016-12-07,37.150002,37.150002,36.049999,36.150002,28.161823,824000
2016-12-08,36.200001,36.349998,35.700001,35.849998,27.928114,675000
2016-12-09,35.849998,36.150002,35.750000,35.799999,27.889160,352000
2016-12-12,35.799999,36.099998,35.650002,35.750000,27.850208,333000
2016-12-13,35.750000,36.200001,35.750000,36.049999,28.083920,262000
2016-12-14,36.000000,36.849998,35.950001,36.500000,28.434483,612000
2016-12-15,36.500000,36.599998,36.099998,36.099998,28.122868,418000
2016-12-16,36.099998,36.400002,35.799999,35.799999,27.889160,529000
2016-12-19,35.900002,35.900002,35.099998,35.099998,27.343842,494000
2016-12-20,35.099998,35.450001,35.049999,35.349998,27.538597,194000
2016-12-21,35.349998,35.599998,35.349998,35.400002,27.577551,196000
2016-12-22,35.400002,35.400002,34.000000,34.049999,26.525862,727000
2016-12-23,34.000000,34.000000,32.349998,32.900002,25.629984,1812000
2016-12-26,32.500000,32.799999,31.100000,31.600000,24.617249,2288000
2016-12-27,31.600000,32.150002,31.450001,31.600000,24.617249,1415000
2016-12-28,31.799999,32.000000,31.250000,31.900000,24.850956,1263000
2016-12-29,32.049999,33.000000,31.950001,32.799999,25.552080,1377000
2016-12-30,32.900002,33.250000,32.700001,33.250000,25.902643,804000
2017-01-03,33.299999,33.599998,33.049999,33.099998,25.785788,518000
2017-01-04,33.000000,33.000000,32.400002,32.599998,25.396275,762000
2017-01-05,32.500000,33.400002,32.400002,33.000000,25.707888,944000
2017-01-06,33.400002,33.750000,33.150002,33.450001,26.058451,724000
2017-01-09,33.500000,33.500000,31.950001,32.099998,25.006760,1870000
2017-01-10,32.000000,32.000000,31.299999,31.799999,24.773054,1936000
2017-01-11,31.600000,31.850000,31.299999,31.600000,24.617249,1027000
2017-01-12,31.400000,31.900000,31.400000,31.799999,24.773054,737000
2017-01-13,31.600000,31.799999,31.299999,31.600000,24.617249,883000
2017-01-16,31.600000,31.600000,31.049999,31.049999,24.188784,737000
2017-01-17,30.950001,31.000000,29.900000,30.700001,23.916126,3525000
2017-01-18,30.700001,31.600000,30.700001,31.500000,24.539347,1851000
2017-01-19,31.500000,31.500000,31.000000,31.350000,24.422491,1277000
2017-01-20,31.000000,31.200001,30.600000,30.700001,23.916126,1939000
2017-01-23,30.700001,30.900000,30.049999,30.299999,23.604513,1747000
2017-01-24,30.150000,30.400000,30.150000,30.150000,23.487658,1324000
2017-02-02,30.450001,31.049999,30.450001,30.700001,23.916126,1025000
2017-02-03,31.100000,32.250000,31.000000,31.900000,24.850956,2326000
2017-02-06,32.299999,33.150002,32.099998,32.250000,25.123617,2466000
2017-02-07,32.549999,32.799999,32.000000,32.099998,25.006760,1227000
2017-02-08,32.500000,32.950001,32.299999,32.500000,25.318371,1224000
2017-02-09,32.500000,32.900002,32.299999,32.450001,25.279421,780000
2017-02-10,32.450001,32.750000,32.299999,32.299999,25.162565,764000
2017-02-13,32.400002,34.150002,32.299999,34.150002,26.603769,4391000
2017-02-14,34.150002,36.450001,34.000000,36.099998,28.122868,6169000
2017-02-15,36.250000,36.599998,35.299999,35.549999,27.694403,2643000
2017-02-16,35.700001,36.000000,35.150002,35.349998,27.538597,1405000
2017-02-17,35.900002,35.900002,34.849998,35.099998,27.343842,913000
2017-02-18,null,null,null,null,null,null
2017-02-20,35.400002,35.700001,35.000000,35.000000,27.265942,730000
2017-02-21,35.000000,35.000000,34.400002,34.650002,26.993282,750000
2017-02-22,34.650002,35.299999,34.599998,34.900002,27.188040,579000
2017-02-23,34.799999,36.200001,34.799999,36.150002,28.161823,1636000
2017-02-24,36.349998,36.599998,36.000000,36.200001,28.200771,1466000
2017-03-01,36.049999,36.049999,35.450001,35.700001,27.811260,546000
2017-03-02,35.950001,36.200001,35.299999,35.299999,27.499647,395000
2017-03-03,35.400002,36.200001,34.900002,35.599998,27.733355,1159000
2017-03-06,35.599998,36.799999,35.500000,36.400002,28.356581,1561000
2017-03-07,36.400002,36.500000,36.150002,36.349998,28.317625,684000
2017-03-08,36.400002,37.200001,36.299999,36.799999,28.668188,951000
2017-03-09,36.500000,36.500000,35.450001,35.599998,27.733355,776000
2017-03-10,36.000000,36.000000,34.150002,35.049999,27.304893,848000
2017-03-13,35.200001,35.400002,34.799999,35.000000,27.265942,290000
2017-03-14,35.000000,35.349998,35.000000,35.099998,27.343842,160000
2017-03-15,35.099998,35.299999,35.000000,35.200001,27.421747,186000
2017-03-16,35.200001,35.400002,35.000000,35.049999,27.304893,241000
2017-03-17,35.299999,35.299999,34.599998,34.950001,27.226988,373000
2017-03-20,34.900002,35.500000,34.900002,35.349998,27.538597,501000
2017-03-21,37.000000,37.849998,36.400002,36.549999,28.473431,3189000
2017-03-22,36.250000,37.000000,35.900002,36.950001,28.785046,1197000
2017-03-23,36.950001,37.049999,36.500000,36.549999,28.473431,888000
2017-03-24,36.549999,36.650002,36.349998,36.500000,28.434483,496000
2017-03-27,36.500000,36.549999,36.299999,36.400002,28.356581,465000
2017-03-28,36.349998,36.900002,36.099998,36.400002,28.356581,711000
2017-03-29,36.650002,36.650002,36.099998,36.299999,28.278677,261000
2017-03-30,36.150002,36.500000,36.049999,36.200001,28.200771,221000
2017-03-31,36.299999,36.299999,36.000000,36.150002,28.161823,631000
2017-04-05,36.150002,36.849998,36.099998,36.500000,28.434483,875000
2017-04-06,36.500000,36.700001,36.000000,36.049999,28.083920,924000
2017-04-07,36.150002,36.250000,35.900002,36.000000,28.044966,429000
2017-04-10,36.000000,36.049999,35.450001,35.950001,28.006018,790000
2017-04-11,35.799999,35.799999,35.049999,35.099998,27.343842,894000
2017-04-12,35.200001,35.299999,34.349998,34.500000,26.876425,826000
2017-04-13,33.900002,33.900002,33.000000,33.049999,25.746838,1615000
2017-04-14,32.500000,33.400002,32.450001,33.200001,25.863691,590000
2017-04-17,33.250000,33.500000,33.000000,33.200001,25.863691,282000
2017-04-18,33.500000,33.500000,32.549999,32.849998,25.591030,590000
2017-04-19,32.849998,32.950001,32.599998,32.950001,25.668934,171000
2017-04-20,32.950001,33.049999,32.750000,32.900002,25.629984,129000
2017-04-21,33.000000,33.099998,32.849998,32.900002,25.629984,256000
2017-04-24,33.049999,33.500000,32.950001,33.150002,25.824741,170000
2017-04-25,33.250000,33.599998,33.200001,33.599998,26.175301,221000
2017-04-26,33.700001,34.000000,33.650002,33.900002,26.409012,237000
2017-04-27,33.900002,35.200001,33.900002,35.200001,27.421747,831000
2017-04-28,35.200001,35.299999,35.000000,35.049999,27.304893,305000
2017-05-02,35.150002,35.450001,34.799999,34.799999,27.110136,229000
2017-05-03,35.000000,35.400002,34.950001,35.400002,27.577551,494000
2017-05-04,35.450001,35.750000,35.000000,35.250000,27.460697,384000
2017-05-05,35.549999,35.549999,35.200001,35.349998,27.538597,314000
2017-05-08,35.450001,35.450001,34.950001,35.000000,27.265942,239000
2017-05-09,34.049999,35.299999,34.049999,35.200001,27.421747,862000
2017-05-10,35.049999,35.500000,34.950001,35.000000,27.265942,307000
2017-05-11,35.000000,35.000000,34.549999,34.549999,26.915379,505000
2017-05-12,34.599998,35.000000,34.549999,34.700001,27.032234,206000
2017-05-15,34.799999,34.900002,34.549999,34.549999,26.915379,157000
2017-05-16,34.650002,34.799999,34.500000,34.549999,26.915379,76000
2017-05-17,34.799999,34.799999,34.349998,34.349998,26.759573,293000
2017-05-18,34.099998,34.750000,33.799999,34.599998,26.954327,324000
2017-05-19,34.700001,35.250000,34.150002,34.900002,27.188040,362000
2017-05-22,34.799999,35.049999,34.799999,34.849998,27.149084,130000
2017-05-23,34.950001,35.250000,34.849998,35.099998,27.343842,343000
2017-05-24,35.299999,35.299999,35.000000,35.099998,27.343842,190000
2017-05-25,35.099998,35.250000,34.900002,35.200001,27.421747,164000
2017-05-26,35.200001,35.200001,34.900002,35.099998,27.343842,166000
2017-05-31,35.000000,35.000000,34.799999,34.950001,27.226988,155000
2017-06-01,34.799999,35.099998,34.799999,35.000000,27.265942,178000
2017-06-02,35.000000,35.349998,34.900002,34.900002,27.188040,228000
2017-06-03,null,null,null,null,null,null
2017-06-05,35.150002,35.250000,35.000000,35.099998,27.343842,147000
2017-06-06,35.200001,35.200001,35.000000,35.049999,27.304893,297000
2017-06-07,35.099998,35.150002,34.950001,35.000000,27.265942,133000
2017-06-08,34.900002,35.150002,34.900002,35.099998,27.343842,199000
2017-06-09,35.049999,35.099998,34.950001,34.950001,27.226988,153000
2017-06-12,34.750000,35.099998,34.700001,34.900002,27.188040,433000
2017-06-13,34.900002,35.099998,34.900002,35.000000,27.265942,239000
2017-06-14,35.099998,35.099998,34.599998,34.700001,27.032234,279000
2017-06-15,35.099998,36.900002,34.900002,36.400002,28.356581,1479000
2017-06-16,36.599998,37.349998,36.049999,36.049999,28.083920,2257000
2017-06-19,36.049999,37.000000,36.049999,36.650002,28.551338,1273000
2017-06-20,36.950001,36.950001,36.000000,36.000000,28.044966,971000
2017-06-21,35.950001,36.349998,35.799999,36.250000,28.239723,629000
2017-06-22,36.299999,36.599998,36.049999,36.500000,28.434483,710000
2017-06-23,36.599998,36.849998,36.400002,36.700001,28.590286,570000
2017-06-26,36.900002,37.200001,36.700001,37.200001,28.979803,781000
2017-06-27,37.349998,37.349998,36.900002,37.049999,28.862946,519000
2017-06-28,37.049999,37.049999,36.549999,36.599998,28.512383,629000
2017-06-29,36.950001,36.950001,36.200001,36.299999,28.278677,756000
2017-06-30,36.650002,36.650002,36.200001,36.299999,28.278677,699000
2017-07-03,36.299999,37.000000,36.299999,36.799999,28.668188,1756000
2017-07-04,34.400002,34.900002,33.799999,33.799999,28.250282,1909000
2017-07-05,33.799999,34.049999,33.299999,33.849998,28.292072,467000
2017-07-06,33.849998,34.099998,33.650002,34.099998,28.501024,322000
2017-07-07,34.099998,34.099998,33.799999,33.849998,28.292072,101000
2017-07-10,33.849998,33.950001,33.650002,33.700001,28.166704,310000
2017-07-11,33.700001,33.900002,33.700001,33.700001,28.166704,188000
2017-07-12,33.650002,33.849998,33.599998,33.849998,28.292072,224000
2017-07-13,33.900002,34.200001,33.700001,34.200001,28.584606,270000
2017-07-14,34.400002,35.150002,34.400002,34.900002,29.169674,886000
2017-07-17,34.900002,35.150002,34.700001,34.799999,29.086088,415000
2017-07-18,34.799999,35.299999,34.500000,34.849998,29.127882,407000
2017-07-19,34.900002,35.299999,34.799999,35.250000,29.462204,565000
2017-07-20,35.250000,36.200001,35.250000,35.900002,30.005482,1223000
2017-07-21,35.900002,36.349998,35.599998,36.299999,30.339802,792000
2017-07-24,36.299999,36.900002,36.250000,36.700001,30.674126,1032000
2017-07-25,36.700001,37.450001,36.700001,37.150002,31.050238,1068000
2017-07-26,37.200001,37.599998,37.150002,37.500000,31.342772,2229000
2017-07-27,37.549999,37.700001,36.799999,37.200001,31.092030,950000
2017-07-28,36.900002,37.150002,36.549999,37.000000,30.924868,1100000
2017-07-31,36.799999,36.799999,36.049999,36.349998,30.381592,673000
2017-08-01,36.349998,36.950001,36.299999,36.700001,30.674126,249000
2017-08-02,36.700001,36.700001,36.299999,36.400002,30.423386,327000
2017-08-03,36.299999,36.599998,36.200001,36.450001,30.465174,352000
2017-08-04,36.400002,37.450001,36.400002,37.099998,31.008448,802000
2017-08-07,37.200001,38.900002,37.099998,38.799999,32.429321,2469000
2017-08-08,38.799999,39.099998,38.500000,39.099998,32.680061,1209000
2017-08-09,39.150002,39.150002,38.500000,38.700001,32.345741,980000
2017-08-10,38.849998,38.849998,37.000000,37.349998,31.217400,826000
2017-08-11,36.799999,37.450001,36.700001,36.950001,30.883078,517000
2017-08-14,37.000000,37.900002,36.250000,36.250000,30.298010,611000
2017-08-15,36.450001,37.349998,36.450001,36.950001,30.883078,271000
2017-08-16,36.900002,37.650002,36.849998,37.099998,31.008448,326000
2017-08-17,38.000000,38.049999,37.700001,37.950001,31.718885,240000
2017-08-18,37.599998,37.900002,37.299999,37.750000,31.551720,217000
2017-08-21,37.750000,39.000000,37.349998,38.599998,32.262157,887977
2017-08-22,39.000000,39.000000,38.049999,38.049999,31.802462,448759
2017-08-23,38.049999,38.200001,37.599998,37.750000,31.551720,373136
2017-08-24,37.750000,38.500000,37.750000,38.000000,31.760675,176738
2017-08-25,38.049999,38.450001,37.900002,38.200001,31.927837,144722
2017-08-28,38.299999,38.700001,38.000000,38.650002,32.303947,259322
2017-08-29,38.200001,38.599998,38.200001,38.349998,32.053204,227413
2017-08-30,38.500000,41.299999,38.400002,41.099998,34.351677,3286604
2017-08-31,41.799999,41.849998,40.400002,40.799999,34.100933,1342782
2017-09-01,40.799999,41.299999,40.549999,40.700001,34.017353,634683
2017-09-04,40.650002,40.650002,39.750000,40.150002,33.557659,492058
2017-09-05,40.150002,40.500000,40.000000,40.299999,33.683029,367435
2017-09-06,40.299999,41.200001,39.900002,40.900002,34.184517,558030
2017-09-07,41.000000,41.200001,40.099998,40.400002,33.766613,559433
2017-09-08,40.400002,40.650002,40.349998,40.599998,33.933773,379120
2017-09-11,40.549999,40.599998,40.299999,40.500000,33.850193,220884
2017-09-12,40.700001,41.799999,40.500000,40.549999,33.891983,558418
2017-09-13,40.500000,40.900002,40.400002,40.549999,33.891983,422068
2017-09-14,40.549999,40.849998,40.549999,40.599998,33.933773,140917
2017-09-15,40.650002,40.799999,40.299999,40.299999,33.683029,299220
2017-09-18,40.049999,40.799999,39.799999,40.349998,33.724819,439399
2017-09-19,40.450001,40.799999,40.200001,40.349998,33.724819,291386
2017-09-20,40.349998,40.500000,39.950001,40.349998,33.724819,374122
2017-09-21,40.349998,40.349998,40.000000,40.099998,33.515869,152660
2017-09-22,40.000000,40.200001,39.599998,39.599998,33.097965,277341
2017-09-25,39.599998,39.799999,38.500000,39.049999,32.638271,435081
2017-09-26,39.049999,39.049999,37.799999,38.150002,31.886047,486748
2017-09-27,38.150002,38.849998,38.150002,38.849998,32.471111,237136
2017-09-28,38.750000,38.799999,38.000000,38.299999,32.011417,237266
2017-09-29,38.000000,38.349998,37.799999,38.299999,32.011417,87524
2017-10-02,38.900002,39.400002,38.900002,39.400002,32.930805,121929
2017-10-03,39.400002,39.549999,38.950001,38.950001,32.554688,128309
2017-10-05,39.150002,39.200001,38.450001,39.000000,32.596481,266800
2017-10-06,39.299999,39.450001,39.000000,39.099998,32.680061,99593
2017-10-11,39.599998,40.349998,39.200001,40.099998,33.515869,336700
2017-10-12,40.099998,40.400002,39.599998,39.799999,33.265125,269591
2017-10-13,39.549999,40.250000,39.500000,39.799999,33.265125,171551
2017-10-16,39.799999,39.950001,39.700001,39.900002,33.348709,102590
2017-10-17,39.900002,39.900002,39.099998,39.750000,33.223339,263138
2017-10-18,39.750000,39.900002,39.099998,39.299999,32.847225,138551
2017-10-19,39.799999,39.799999,39.049999,39.099998,32.680061,126802
2017-10-20,39.599998,41.799999,39.000000,41.750000,34.894951,2346654
2017-10-23,42.700001,43.200001,41.049999,41.450001,34.644211,1502564
2017-10-24,41.450001,41.450001,39.900002,40.049999,33.474079,820586
2017-10-25,40.299999,40.450001,39.599998,39.650002,33.139759,592956
2017-10-26,39.700001,39.700001,39.099998,39.299999,32.847225,630385
2017-10-27,39.299999,39.400002,38.500000,38.549999,32.220367,1010909
2017-10-30,38.299999,39.200001,38.299999,39.049999,32.638271,228916
2017-10-31,39.150002,39.349998,38.700001,39.000000,32.596481,373272
2017-11-01,39.000000,39.200001,38.549999,38.799999,32.429321,336012
2017-11-02,38.700001,38.700001,38.500000,38.549999,32.220367,380000
2017-11-03,38.799999,39.000000,38.650002,39.000000,32.596481,195803
2017-11-06,39.000000,39.000000,38.650002,38.799999,32.429321,243497
2017-11-07,39.099998,39.099998,38.599998,38.750000,32.387531,144722
2017-11-08,39.000000,39.200001,38.700001,38.750000,32.387531,366068
2017-11-09,38.700001,39.000000,38.400002,38.500000,32.178577,516587
2017-11-10,38.299999,38.500000,38.200001,38.500000,32.178577,236528
2017-11-13,38.849998,38.849998,38.500000,38.500000,32.178577,64045
2017-11-14,38.500000,38.650002,38.200001,38.500000,32.178577,114819
2017-11-15,38.849998,38.849998,38.349998,38.450001,32.136787,222592
2017-11-16,38.349998,38.750000,38.349998,38.450001,32.136787,112868
2017-11-17,38.400002,38.799999,38.400002,38.500000,32.178577,110042
2017-11-20,38.700001,39.000000,38.599998,38.650002,32.303947,231924
2017-11-21,38.900002,38.950001,38.700001,38.900002,32.512901,144886
2017-11-22,39.000000,39.000000,38.700001,38.700001,32.345741,186836
2017-11-23,39.000000,39.099998,38.750000,39.049999,32.638271,146082
2017-11-24,39.250000,39.250000,38.450001,38.500000,32.178577,431984
2017-11-27,38.500000,38.500000,38.200001,38.400002,32.094997,223285
2017-11-28,38.400002,38.400002,37.799999,38.000000,31.760675,479312
2017-11-29,38.250000,38.250000,37.799999,37.950001,31.718885,231591
2017-11-30,37.950001,38.000000,37.200001,37.549999,31.384562,281512
2017-12-01,37.549999,37.650002,37.349998,37.400002,31.259192,297587
2017-12-04,37.900002,37.900002,37.500000,37.599998,31.426352,158025
2017-12-05,37.599998,38.000000,37.599998,37.900002,31.677095,88048
2017-12-06,37.799999,37.799999,37.000000,37.250000,31.133820,274997
2017-12-07,37.150002,37.599998,37.000000,37.099998,31.008448,196810
2017-12-08,37.400002,37.500000,37.099998,37.099998,31.008448,145307
2017-12-11,37.500000,37.500000,37.200001,37.299999,31.175610,123136
2017-12-12,37.599998,37.599998,37.099998,37.400002,31.259192,99955
2017-12-13,37.200001,37.400002,37.049999,37.099998,31.008448,277819
2017-12-14,37.200001,37.349998,37.000000,37.099998,31.008448,491055
2017-12-15,37.000000,37.200001,36.900002,37.000000,30.924868,166875
2017-12-18,37.049999,37.349998,36.849998,37.049999,30.966658,123722
2017-12-19,37.000000,37.299999,36.849998,36.849998,30.799492,162250
2017-12-20,37.200001,37.400002,37.000000,37.299999,31.175610,114958
2017-12-21,37.200001,37.299999,37.049999,37.049999,30.966658,71326
2017-12-22,37.049999,37.299999,36.900002,37.200001,31.092030,119849
2017-12-25,37.200001,37.200001,37.000000,37.000000,30.924868,47986
2017-12-26,37.000000,37.099998,36.950001,37.000000,30.924868,100151
2017-12-27,37.000000,37.200001,37.000000,37.150002,31.050238,56413
2017-12-28,37.150002,37.450001,37.000000,37.299999,31.175610,133908
2017-12-29,37.349998,37.799999,37.349998,37.650002,31.468143,201988
2018-01-02,37.799999,37.799999,37.250000,37.500000,31.342772,198836
2018-01-03,37.700001,37.700001,37.000000,37.299999,31.175610,233070
2018-01-04,37.299999,37.500000,37.099998,37.299999,31.175610,130710
2018-01-05,37.450001,37.500000,37.250000,37.349998,31.217400,175567
2018-01-08,37.500000,37.700001,37.500000,37.549999,31.384562,216938
2018-01-09,37.700001,37.900002,37.500000,37.549999,31.384562,231476
2018-01-10,38.500000,38.500000,38.099998,38.099998,31.844254,777607
2018-01-11,38.099998,38.200001,37.750000,37.950001,31.718885,279366
2018-01-12,38.200001,38.299999,37.750000,37.799999,31.593513,296912
2018-01-15,37.750000,38.000000,37.750000,37.849998,31.635302,459008
2018-01-16,37.849998,37.950001,37.700001,37.950001,31.718885,243086
2018-01-17,38.000000,38.250000,37.700001,38.150002,31.886047,290237
2018-01-18,38.150002,38.150002,37.849998,37.950001,31.718885,186876
2018-01-19,37.950001,38.000000,37.799999,37.900002,31.677095,182635
2018-01-22,37.900002,38.150002,37.799999,38.099998,31.844254,481132
2018-01-23,38.099998,38.349998,37.900002,38.200001,31.927837,566523
2018-01-24,38.400002,38.450001,38.200001,38.400002,32.094997,688669
2018-01-25,38.900002,38.950001,38.450001,38.500000,32.178577,2080099
2018-01-26,38.500000,38.500000,38.299999,38.500000,32.178577,429814
2018-01-29,38.500000,38.549999,38.299999,38.400002,32.094997,300463
2018-01-30,38.450001,39.500000,38.450001,39.150002,32.721855,1512295
2018-01-31,39.099998,41.500000,38.799999,40.500000,33.850193,3055079
2018-02-01,40.500000,41.400002,38.950001,39.349998,32.889011,1783434
2018-02-02,39.500000,40.000000,38.799999,39.049999,32.638271,975833
2018-02-05,38.150002,38.750000,38.099998,38.599998,32.262157,625702
2018-02-06,37.900002,38.000000,36.099998,37.250000,31.133820,1523568
2018-02-07,37.549999,38.299999,37.299999,37.500000,31.342772,643857
2018-02-08,37.400002,37.500000,37.099998,37.400002,31.259192,395561
2018-02-09,36.799999,37.400002,36.599998,37.349998,31.217400,596547
2018-02-12,37.200001,37.200001,36.799999,36.849998,30.799492,607233
2018-02-21,37.299999,37.500000,37.099998,37.500000,31.342772,368271
2018-02-22,37.400002,37.599998,37.099998,37.400002,31.259192,290893
2018-02-23,37.400002,37.700001,37.349998,37.400002,31.259192,277939
2018-02-26,37.400002,37.799999,37.400002,37.599998,31.426352,229694
2018-02-27,37.950001,37.950001,37.650002,37.750000,31.551720,318708
2018-03-01,37.750000,37.750000,37.450001,37.500000,31.342772,520094
2018-03-02,37.200001,37.599998,36.950001,37.099998,31.008448,442604
2018-03-05,37.250000,37.450001,37.049999,37.200001,31.092030,346667
2018-03-06,37.099998,37.400002,37.000000,37.000000,30.924868,398818
2018-03-07,37.000000,37.450001,37.000000,37.349998,31.217400,128088
2018-03-08,37.500000,37.650002,37.349998,37.400002,31.259192,150643
2018-03-09,37.500000,37.650002,37.250000,37.349998,31.217400,159215
2018-03-12,37.349998,37.750000,37.349998,37.599998,31.426352,130831
2018-03-13,37.599998,37.900002,37.599998,37.799999,31.593513,187160
2018-03-14,37.799999,38.000000,37.299999,37.549999,31.384562,137637
2018-03-15,38.000000,38.099998,37.599998,38.000000,31.760675,176899
2018-03-16,37.950001,38.000000,37.450001,37.849998,31.635302,164472
2018-03-19,38.000000,38.450001,37.599998,37.700001,31.509933,188621
2018-03-20,39.299999,39.349998,38.200001,38.200001,31.927837,1466654
2018-03-21,38.200001,38.700001,38.099998,38.099998,31.844254,938193
2018-03-22,38.400002,38.599998,38.200001,38.450001,32.136787,445563
2018-03-23,37.849998,38.349998,37.799999,38.099998,31.844254,260538
2018-03-26,38.099998,38.500000,37.900002,38.299999,32.011417,366917
2018-03-27,38.450001,38.500000,38.000000,38.200001,31.927837,563577
2018-03-28,38.049999,38.400002,37.750000,38.200001,31.927837,577511
2018-03-29,38.200001,38.349998,38.049999,38.150002,31.886047,223567
2018-03-30,38.400002,38.400002,38.000000,38.099998,31.844254,204721
2018-04-02,38.599998,38.650002,38.200001,38.400002,32.094997,283404
2018-04-03,38.000000,38.400002,38.000000,38.250000,31.969627,196353
2018-04-09,38.200001,38.500000,37.900002,38.400002,32.094997,425565
2018-04-10,37.849998,38.500000,37.849998,38.349998,32.053204,307292
2018-04-11,38.400002,38.450001,38.049999,38.150002,31.886047,289106
2018-04-12,38.099998,38.299999,38.049999,38.150002,31.886047,308998
2018-04-13,38.150002,38.150002,37.900002,37.900002,31.677095,477871
2018-04-16,37.950001,37.950001,37.700001,37.799999,31.593513,221962
2018-04-17,37.799999,37.799999,37.400002,37.500000,31.342772,397255
2018-04-18,37.700001,37.700001,37.250000,37.450001,31.300978,365208
2018-04-19,37.450001,37.700001,37.400002,37.450001,31.300978,291307
2018-04-20,37.500000,37.549999,37.299999,37.450001,31.300978,432288
2018-04-23,37.599998,37.700001,37.500000,37.549999,31.384562,184431
2018-04-24,37.500000,37.500000,37.099998,37.250000,31.133820,267888
2018-04-25,37.250000,37.700001,37.049999,37.349998,31.217400,355807
2018-04-26,37.700001,38.349998,37.700001,37.750000,31.551720,422410
2018-04-27,38.000000,38.200001,37.849998,38.200001,31.927837,223085
2018-04-30,38.250000,38.500000,38.000000,38.299999,32.011417,417783
2018-05-02,38.450001,38.450001,38.200001,38.299999,32.011417,170457
2018-05-03,38.799999,39.349998,38.549999,39.099998,32.680061,1228149
2018-05-04,39.500000,39.500000,38.200001,38.299999,32.011417,839336
2018-05-07,38.400002,39.150002,38.349998,38.700001,32.345741,492071
2018-05-08,38.500000,39.099998,38.450001,39.000000,32.596481,556126
2018-05-09,38.799999,39.000000,38.700001,38.950001,32.554688,353929
2018-05-10,38.799999,39.400002,38.799999,39.349998,32.889011,381029
2018-05-11,39.450001,39.450001,39.049999,39.099998,32.680061,207604
2018-05-14,39.200001,39.250000,38.849998,39.099998,32.680061,259511
2018-05-15,39.099998,39.150002,38.799999,38.849998,32.471111,235828
2018-05-16,38.799999,38.900002,38.450001,38.799999,32.429321,382536
2018-05-17,38.799999,39.000000,38.799999,38.950001,32.554688,176063
2018-05-18,38.950001,39.150002,38.950001,39.000000,32.596481,241148
2018-05-21,39.049999,39.200001,38.900002,38.900002,32.512901,239068
2018-05-22,39.200001,39.200001,38.900002,38.950001,32.554688,210773
2018-05-23,38.950001,39.099998,38.750000,38.900002,32.512901,180600
2018-05-24,38.900002,39.099998,38.900002,39.000000,32.596481,105368
2018-05-25,39.000000,39.000000,38.799999,38.849998,32.471111,134179
2018-05-28,38.849998,39.500000,38.849998,39.099998,32.680061,264003
2018-05-29,39.450001,39.450001,38.500000,38.900002,32.512901,641769
2018-05-30,38.900002,38.900002,38.549999,38.799999,32.429321,354663
2018-05-31,39.000000,39.000000,38.700001,38.750000,32.387531,109966
2018-06-01,38.750000,39.299999,38.750000,39.299999,32.847225,252734
2018-06-04,39.299999,39.549999,39.099998,39.349998,32.889011,225999
2018-06-05,39.400002,39.400002,39.000000,39.299999,32.847225,286462
2018-06-06,39.250000,39.650002,39.250000,39.450001,32.972595,269396
2018-06-07,39.599998,40.349998,39.450001,40.099998,33.515869,643999
2018-06-08,40.000000,40.299999,39.900002,40.200001,33.599453,404204
2018-06-11,40.200001,40.299999,39.500000,39.849998,33.306915,245618
2018-06-12,39.799999,39.849998,39.700001,39.750000,33.223339,101554
2018-06-13,39.900002,40.150002,39.750000,39.799999,33.265125,187275
2018-06-14,40.000000,40.500000,39.950001,40.200001,33.599453,535596
2018-06-15,40.099998,40.250000,39.900002,40.099998,33.515869,301560
2018-06-19,40.150002,40.150002,39.900002,39.900002,33.348709,243058
2018-06-20,39.849998,39.900002,39.700001,39.900002,33.348709,237752
2018-06-21,39.950001,40.099998,39.799999,40.000000,33.432289,243384
2018-06-22,40.000000,40.000000,39.799999,39.950001,33.390499,119613
2018-06-25,40.000000,40.099998,39.799999,39.799999,33.265125,350984
2018-06-26,39.799999,39.799999,39.150002,39.150002,32.721855,340630
2018-06-27,39.200001,39.400002,39.150002,39.299999,32.847225,161328
2018-06-28,39.250000,39.500000,39.049999,39.299999,32.847225,459054
2018-06-29,39.450001,39.500000,39.200001,39.299999,32.847225,675543
2018-07-02,36.849998,37.750000,36.799999,37.500000,33.563240,797191
2018-07-03,37.700001,37.900002,37.500000,37.500000,33.563240,199991
2018-07-04,37.500000,37.599998,37.099998,37.099998,33.205231,305790
2018-07-05,37.150002,37.200001,36.799999,37.049999,33.160480,225607
2018-07-06,37.099998,37.200001,36.799999,37.049999,33.160480,182184
2018-07-09,37.049999,37.349998,37.000000,37.099998,33.205231,103166
2018-07-10,37.400002,37.650002,37.299999,37.349998,33.428986,218013
2018-07-11,37.349998,37.650002,37.000000,37.299999,33.384235,170493
2018-07-12,37.299999,37.799999,37.250000,37.450001,33.518486,232990
2018-07-13,37.549999,37.799999,37.500000,37.650002,33.697495,164473
2018-07-16,37.650002,38.200001,37.650002,38.000000,34.010750,220822
2018-07-17,38.049999,38.599998,38.000000,38.049999,34.055496,104497
2018-07-18,38.049999,38.450001,38.049999,38.150002,34.145004,88256
2018-07-19,38.200001,38.200001,37.799999,37.799999,33.831745,83130
2018-07-20,37.900002,37.900002,37.750000,37.750000,33.786991,75816
2018-07-23,37.750000,37.799999,37.200001,37.250000,33.339485,159614
2018-07-24,37.250000,38.000000,37.250000,37.500000,33.563240,70917
2018-07-25,37.799999,38.000000,37.599998,37.700001,33.742245,106813
2018-07-26,37.700001,38.099998,37.700001,37.950001,33.966000,51355
2018-07-27,37.950001,37.950001,37.500000,37.549999,33.607990,225827
2018-07-30,37.700001,37.700001,37.349998,37.599998,33.652740,119230
2018-07-31,37.599998,37.700001,37.500000,37.700001,33.742245,65524
2018-08-01,37.799999,37.849998,37.650002,37.650002,33.697495,64460
2018-08-02,37.650002,37.799999,37.349998,37.400002,33.473740,189138
2018-08-03,37.400002,37.500000,37.299999,37.400002,33.473740,142660
2018-08-06,37.700001,37.849998,37.599998,37.700001,33.742245,204753
2018-08-07,37.900002,37.950001,37.750000,37.849998,33.876495,161206
2018-08-08,38.099998,38.799999,38.000000,38.250000,34.234505,581706
2018-08-09,38.299999,38.799999,38.299999,38.700001,34.637264,242641
2018-08-10,38.700001,39.200001,38.500000,38.700001,34.637264,289831
2018-08-13,38.700001,39.000000,38.400002,38.700001,34.637264,349330
2018-08-14,38.700001,39.299999,38.650002,38.900002,34.816269,326920
2018-08-15,39.099998,39.099998,38.799999,38.900002,34.816269,223572
2018-08-16,39.000000,39.200001,38.650002,39.000000,34.905769,366560
2018-08-17,39.049999,39.299999,38.900002,39.299999,35.174274,362038
2018-08-20,39.299999,39.549999,38.849998,39.000000,34.905769,462514
2018-08-21,39.299999,39.299999,38.900002,39.150002,35.040024,203430
2018-08-22,39.150002,39.299999,39.000000,39.200001,35.084774,217131
2018-08-23,39.200001,39.500000,39.099998,39.099998,34.995270,232769
2018-08-24,39.349998,39.349998,39.000000,39.099998,34.995270,113848
2018-08-27,39.049999,39.150002,38.650002,38.900002,34.816269,116103
2018-08-28,39.000000,39.000000,38.349998,38.500000,34.458260,237299
2018-08-29,38.799999,38.799999,38.250000,38.250000,34.234505,187314
2018-08-30,38.549999,38.549999,38.000000,38.049999,34.055496,213556
2018-08-31,38.150002,38.450001,38.000000,38.450001,34.413509,259855
2018-09-03,38.450001,38.450001,38.000000,38.250000,34.234505,176502
2018-09-04,38.250000,38.250000,38.049999,38.150002,34.145004,89949
2018-09-05,38.049999,38.250000,38.000000,38.049999,34.055496,76840
2018-09-06,38.700001,38.700001,37.950001,38.000000,34.010750,452732
2018-09-07,38.000000,38.200001,37.599998,37.900002,33.921249,111187
2018-09-10,38.000000,38.000000,37.200001,37.549999,33.607990,375078
2018-09-11,37.549999,37.650002,37.299999,37.450001,33.518486,203700
2018-09-12,37.450001,37.750000,37.250000,37.400002,33.473740,259595
2018-09-13,37.400002,38.099998,37.299999,37.950001,33.966000,137300
2018-09-14,37.950001,38.200001,37.750000,38.150002,34.145004,96099
2018-09-17,38.099998,38.099998,37.700001,37.900002,33.921249,76350
2018-09-18,37.900002,37.950001,37.849998,37.900002,33.921249,24152
2018-09-19,38.200001,38.349998,37.900002,38.099998,34.100250,127458
2018-09-20,38.000000,38.200001,37.799999,37.950001,33.966000,95848
2018-09-21,37.950001,38.200001,37.700001,37.799999,33.831745,107719
2018-09-25,37.799999,37.849998,37.599998,37.849998,33.876495,82757
2018-09-26,38.099998,38.400002,37.650002,38.200001,34.189754,71948
2018-09-27,38.200001,38.200001,37.900002,38.150002,34.145004,71351
2018-09-28,38.200001,38.200001,37.900002,37.900002,33.921249,50970
2018-10-01,37.900002,38.200001,37.900002,38.000000,34.010750,44059
2018-10-02,38.000000,38.299999,37.950001,37.950001,33.966000,59269
2018-10-03,38.000000,38.000000,37.799999,37.900002,33.921249,45174
2018-10-04,38.000000,38.000000,37.700001,37.799999,33.831745,143452
2018-10-05,37.900002,37.900002,37.099998,37.500000,33.563240,197832
2018-10-08,37.700001,37.700001,37.400002,37.400002,33.473740,146156
2018-10-09,37.450001,37.599998,37.200001,37.200001,33.294735,247912
2018-10-11,36.799999,36.799999,35.049999,35.299999,31.594194,756634
2018-10-12,35.299999,36.099998,35.099998,36.000000,32.220711,263158
2018-10-15,35.900002,35.900002,35.250000,35.400002,31.683697,424711
2018-10-16,35.400002,35.599998,35.299999,35.549999,31.817949,157125
2018-10-17,35.599998,36.000000,35.450001,35.549999,31.817949,170908
2018-10-18,35.299999,35.450001,34.849998,34.950001,31.280939,309332
2018-10-19,34.750000,34.750000,33.650002,34.500000,30.878178,1465230
2018-10-22,34.400002,34.549999,34.049999,34.450001,30.833429,171181
2018-10-23,34.450001,35.000000,34.150002,34.200001,30.609673,219300
2018-10-24,34.299999,34.299999,33.650002,33.799999,30.251665,172766
2018-10-25,33.000000,33.500000,32.900002,33.450001,29.938410,219801
2018-10-26,33.500000,34.299999,32.950001,33.000000,29.535650,236860
2018-10-29,33.000000,33.400002,32.799999,33.000000,29.535650,110986
2018-10-30,33.049999,33.200001,32.799999,33.000000,29.535650,167875
2018-10-31,33.400002,33.549999,33.400002,33.450001,29.938410,64840
2018-11-01,33.799999,34.099998,33.700001,33.900002,30.341167,108419
2018-11-02,34.299999,34.500000,34.000000,34.450001,30.833429,166928
2018-11-05,34.700001,34.900002,34.200001,34.700001,31.057184,168751
2018-11-06,34.750000,34.799999,34.400002,34.549999,30.922932,45100
2018-11-07,34.849998,35.000000,34.400002,34.900002,31.236191,112369
2018-11-08,35.150002,35.650002,35.150002,35.500000,31.773201,181517
2018-11-09,35.500000,35.700001,35.099998,35.400002,31.683697,85302
2018-11-12,35.950001,36.099998,35.299999,35.900002,32.131210,143074
2018-11-13,35.400002,35.799999,35.000000,35.799999,32.041706,52429
2018-11-14,35.750000,36.099998,35.750000,35.799999,32.041706,67587
2018-11-15,36.000000,36.150002,35.849998,36.049999,32.265461,77769
2018-11-16,36.150002,36.299999,35.700001,35.849998,32.086456,139823
2018-11-19,36.049999,36.099998,35.549999,35.950001,32.175957,81232
2018-11-20,35.950001,36.099998,35.750000,35.750000,31.996956,107060
2018-11-21,35.700001,36.000000,35.500000,35.799999,32.041706,106903
2018-11-22,35.799999,35.799999,35.500000,35.500000,31.773201,97367
2018-11-23,35.500000,35.500000,35.049999,35.099998,31.415188,86983
2018-11-26,35.450001,35.599998,34.849998,34.900002,31.236191,152528
2018-11-27,34.900002,35.049999,34.849998,35.000000,31.325689,133001
2018-11-28,35.000000,35.500000,35.000000,35.349998,31.638945,75822
2018-11-29,35.650002,35.650002,35.250000,35.250000,31.549444,67668
2018-11-30,35.250000,35.500000,35.250000,35.250000,31.549444,90242
2018-12-03,35.349998,35.950001,35.349998,35.650002,31.907454,122591
2018-12-04,35.500000,35.799999,35.400002,35.500000,31.773201,50245
2018-12-05,35.400002,35.900002,35.349998,35.700001,31.952202,102305
2018-12-06,36.000000,36.000000,35.400002,35.650002,31.907454,139048
2018-12-07,35.650002,35.700001,35.150002,35.200001,31.504696,158824
2018-12-10,35.200001,35.599998,35.000000,35.000000,31.325689,276032
2018-12-11,35.400002,35.700001,35.299999,35.599998,31.862700,172325
2018-12-12,36.000000,36.000000,35.599998,35.950001,32.175957,183675
2018-12-13,36.200001,36.200001,35.650002,35.799999,32.041706,180539
2018-12-14,35.900002,36.000000,35.700001,35.750000,31.996956,132200
2018-12-17,35.750000,36.150002,35.750000,35.900002,32.131210,258115
2018-12-18,35.500000,35.650002,35.500000,35.549999,31.817949,297257
2018-12-19,35.549999,35.599998,35.450001,35.450001,31.728451,50873
2018-12-20,35.450001,35.900002,35.400002,35.700001,31.952202,90196
2018-12-21,35.700001,35.700001,35.700001,35.700001,31.952202,0
2018-12-24,35.799999,36.000000,35.549999,36.000000,32.220711,170229
2018-12-25,35.950001,36.799999,35.650002,36.650002,32.802475,280172
2018-12-26,36.549999,36.549999,36.299999,36.349998,32.533966,117819
2018-12-27,36.349998,36.549999,36.250000,36.299999,32.489216,102770
2018-12-28,36.299999,36.299999,36.049999,36.049999,32.265461,131284
2019-01-02,36.200001,36.200001,35.799999,36.000000,32.220711,282760
2019-01-03,36.000000,36.299999,35.849998,36.299999,32.489216,67000
2019-01-04,36.200001,36.299999,35.900002,36.200001,32.399715,74241
2019-01-07,36.299999,36.599998,36.299999,36.549999,32.712967,90137
2019-01-08,37.400002,37.549999,37.000000,37.049999,33.160480,264843
2019-01-09,37.250000,37.799999,37.200001,37.500000,33.563240,378249
2019-01-10,37.950001,38.450001,37.950001,38.150002,34.145004,405346
2019-01-11,38.400002,38.450001,38.200001,38.299999,34.279255,469694
2019-01-14,38.299999,38.299999,37.700001,37.799999,33.831745,199730
2019-01-15,37.799999,37.950001,37.599998,37.950001,33.966000,115840
2019-01-16,38.000000,38.049999,37.500000,37.500000,33.563240,245415
2019-01-17,37.400002,37.750000,37.400002,37.750000,33.786991,137068
2019-01-18,37.950001,37.950001,37.500000,37.799999,33.831745,75345
2019-01-21,37.950001,37.950001,37.599998,37.599998,33.652740,208687
2019-01-22,37.599998,37.599998,37.250000,37.250000,33.339485,229161
2019-01-23,36.549999,37.750000,36.549999,37.750000,33.786991,283103
2019-01-24,37.750000,37.750000,37.599998,37.599998,33.652740,28257
2019-01-25,37.599998,37.700001,36.900002,37.299999,33.384235,261200
2019-01-28,37.299999,37.599998,37.299999,37.450001,33.518486,76501
2019-01-29,37.500000,37.650002,37.400002,37.650002,33.697495,125411
2019-01-30,37.750000,38.099998,37.650002,38.000000,34.010750,169943
2019-02-11,38.049999,38.450001,37.950001,38.200001,34.189754,212261
2019-02-12,38.099998,38.750000,38.000000,38.700001,34.637264,225124
2019-02-13,38.549999,38.700001,38.400002,38.450001,34.413509,152430
2019-02-14,38.450001,38.650002,38.450001,38.500000,34.458260,120418
2019-02-15,38.900002,39.049999,38.450001,38.750000,34.682014,308111
2019-02-18,39.000000,39.000000,38.450001,38.700001,34.637264,210383
2019-02-19,38.700001,38.700001,38.400002,38.650002,34.592510,154276
2019-02-20,38.700001,39.000000,38.599998,38.950001,34.861015,214766
2019-02-21,39.000000,39.150002,38.799999,39.099998,34.995270,327037
2019-02-22,39.099998,39.150002,39.000000,39.000000,34.905769,224836
2019-02-25,39.099998,39.500000,39.049999,39.450001,35.308529,444529
2019-02-26,39.500000,39.849998,39.500000,39.849998,35.666534,429158
2019-02-27,39.950001,40.049999,39.700001,39.900002,35.711288,454924
2019-03-04,40.049999,40.349998,40.000000,40.250000,36.024544,551872
2019-03-05,40.250000,40.400002,40.000000,40.150002,35.935040,184266
2019-03-06,40.150002,40.150002,39.950001,40.049999,35.845539,207230
2019-03-07,40.049999,40.049999,39.599998,39.700001,35.532284,299542
2019-03-08,38.549999,39.400002,38.549999,38.950001,34.861015,720674
2019-03-11,38.950001,39.849998,38.950001,39.849998,35.666534,337898
2019-03-12,40.000000,40.150002,39.950001,40.049999,35.845539,281603
2019-03-13,40.049999,40.200001,39.900002,40.049999,35.845539,320362
2019-03-14,40.049999,40.099998,39.950001,40.049999,35.845539,460631
2019-03-15,40.200001,40.299999,39.900002,40.099998,35.890289,260990
2019-03-18,40.000000,40.099998,39.900002,40.049999,35.845539,128218
2019-03-19,40.049999,40.599998,40.049999,40.099998,35.890289,479399
2019-03-20,40.400002,40.549999,40.000000,40.200001,35.979794,293831
2019-03-21,40.500000,40.599998,40.250000,40.500000,36.248299,340517
2019-03-22,40.799999,41.000000,40.500000,40.500000,36.248299,473726
2019-03-25,40.849998,41.200001,40.500000,41.000000,36.695808,667290
2019-03-26,41.450001,43.400002,41.200001,42.349998,37.904083,1316166
2019-03-27,42.950001,43.700001,41.849998,41.849998,37.456573,1084643
2019-03-28,42.000000,42.200001,41.099998,41.799999,37.411823,590797
2019-03-29,42.000000,42.500000,41.500000,42.099998,37.680328,394596
2019-04-01,42.450001,42.549999,42.150002,42.450001,37.993587,539021
2019-04-02,42.900002,43.500000,42.500000,43.400002,38.843857,639887
2019-04-03,43.450001,43.500000,43.150002,43.450001,38.888607,451116
2019-04-08,43.700001,44.150002,43.450001,44.000000,39.380867,503381
2019-04-09,44.000000,44.200001,43.700001,44.150002,39.515121,387053
2019-04-10,43.549999,43.950001,43.200001,43.200001,38.664852,682853
2019-04-11,43.400002,43.500000,42.650002,43.349998,38.799103,545777
2019-04-12,43.400002,43.400002,42.500000,42.900002,38.396347,355579
2019-04-15,42.599998,42.900002,42.599998,42.700001,38.217342,210203
2019-04-16,42.700001,43.000000,42.700001,42.900002,38.396347,155894
2019-04-17,43.099998,43.150002,42.750000,42.900002,38.396347,270900
2019-04-18,42.900002,42.900002,41.000000,41.250000,36.919563,976652
2019-04-19,41.049999,41.299999,40.799999,40.900002,36.606308,474325
2019-04-22,40.900002,41.750000,40.799999,41.299999,36.964314,483964
2019-04-23,41.400002,41.500000,41.000000,41.150002,36.830063,308438
2019-04-24,41.150002,41.349998,41.000000,41.349998,37.009064,273989
2019-04-25,41.349998,41.650002,41.000000,41.599998,37.232819,298995
2019-04-26,41.599998,41.599998,41.349998,41.500000,37.143318,249029
2019-04-29,41.599998,41.599998,40.500000,40.900002,36.606308,370171
2019-04-30,40.700001,41.000000,40.500000,40.950001,36.651058,532345
2019-05-02,41.000000,41.250000,40.900002,41.099998,36.785309,350595
2019-05-03,41.599998,42.150002,41.599998,41.700001,37.322323,1018026
2019-05-06,41.700001,42.099998,41.500000,41.799999,37.411823,457028
2019-05-07,42.000000,43.000000,42.000000,42.700001,38.217342,489063
2019-05-08,42.700001,43.299999,42.150002,42.849998,38.351593,503082
2019-05-09,43.200001,43.200001,42.500000,42.900002,38.396347,442665
2019-05-10,42.500000,43.000000,42.299999,42.450001,37.993587,234516
2019-05-13,42.400002,42.400002,41.650002,41.849998,37.456573,504976
2019-05-14,41.799999,42.700001,41.349998,42.299999,37.859333,456386
2019-05-15,42.500000,43.150002,42.400002,42.900002,38.396347,479729
2019-05-16,43.000000,43.099998,42.000000,42.700001,38.217342,512298
2019-05-17,42.700001,43.000000,42.650002,42.900002,38.396347,339728
2019-05-20,43.849998,43.849998,42.750000,42.799999,38.306843,325214
2019-05-21,42.799999,42.900002,42.349998,42.799999,38.306843,270457
2019-05-22,42.799999,43.200001,42.799999,43.099998,38.575348,287037
2019-05-23,43.099998,43.099998,42.599998,42.700001,38.217342,279215
2019-05-24,42.750000,43.099998,42.599998,42.900002,38.396347,328277
2019-05-27,42.200001,43.099998,42.200001,43.099998,38.575348,320279
2019-05-28,43.099998,43.250000,43.099998,43.099998,38.575348,192195
2019-05-29,43.099998,43.299999,43.000000,43.299999,38.754353,138065
2019-05-30,43.299999,43.450001,43.200001,43.400002,38.843857,248583
2019-05-31,43.400002,45.000000,43.400002,44.049999,39.425617,865529
2019-06-03,44.000000,44.049999,43.349998,43.549999,38.978107,428927
2019-06-04,43.549999,43.549999,42.849998,43.000000,38.485847,524300
2019-06-05,43.000000,43.150002,42.849998,42.849998,38.351593,300017
2019-06-06,42.950001,43.299999,42.950001,43.099998,38.575348,182134
2019-06-10,43.599998,44.500000,43.000000,44.400002,39.738876,539693
2019-06-11,44.900002,44.900002,44.099998,44.400002,39.738876,322407
2019-06-12,44.400002,44.400002,43.700001,44.099998,39.470367,188610
2019-06-13,44.099998,44.599998,44.099998,44.250000,39.604622,99251
2019-06-14,44.250000,44.250000,44.000000,44.000000,39.380867,84562
2019-06-17,44.000000,44.700001,43.799999,44.700001,40.007381,333923
2019-06-18,44.750000,45.400002,44.599998,45.400002,40.633896,849351
2019-06-19,45.599998,45.799999,45.000000,45.250000,40.499641,328430
2019-06-20,45.250000,45.250000,45.000000,45.150002,40.410141,200427
2019-06-21,45.099998,45.349998,44.900002,45.099998,40.365387,234557
2019-06-24,45.299999,45.500000,45.250000,45.450001,40.678646,263218
2019-06-25,45.599998,45.950001,45.099998,45.500000,40.723400,444994
2019-06-26,45.500000,45.700001,45.500000,45.500000,40.723400,239769
2019-06-27,45.500000,45.700001,45.500000,45.650002,40.857651,235705
2019-06-28,45.650002,45.900002,45.650002,45.750000,40.947151,191279
2019-07-01,45.750000,46.000000,45.750000,45.950001,41.126156,278431
2019-07-02,46.000000,46.799999,45.950001,46.500000,41.618416,397753
2019-07-03,46.500000,47.000000,46.299999,46.900002,41.976425,427159
2019-07-04,47.000000,48.200001,47.000000,48.150002,43.095200,743247
2019-07-05,48.299999,48.299999,47.400002,47.500000,42.513435,636762
2019-07-08,47.549999,47.900002,47.049999,47.450001,42.468685,436246
2019-07-09,47.599998,47.750000,47.299999,47.650002,42.647690,217587
2019-07-10,47.750000,47.799999,47.250000,47.750000,42.737190,382768
2019-07-11,47.750000,48.450001,47.700001,48.400002,43.318954,577671
2019-07-12,48.349998,49.200001,48.200001,48.750000,43.632214,474210
2019-07-15,48.750000,49.200001,48.750000,49.049999,43.900719,425357
2019-07-16,49.049999,49.049999,48.500000,48.500000,43.408459,628740
2019-07-17,48.500000,49.000000,48.500000,48.900002,43.766464,818055
2019-07-18,46.650002,48.500000,46.650002,48.000000,45.422493,1247282
2019-07-19,48.700001,49.000000,47.500000,47.700001,45.138603,579132
2019-07-22,47.700001,47.750000,47.049999,47.049999,44.523506,500542
2019-07-23,47.299999,47.349998,46.000000,46.200001,43.719151,804147
2019-07-24,46.299999,46.900002,46.099998,46.849998,44.334244,341129
2019-07-25,47.000000,47.200001,46.349998,46.400002,43.908413,464016
2019-07-26,46.849998,46.950001,46.450001,46.650002,44.144985,171361
2019-07-29,46.549999,46.549999,46.349998,46.450001,43.955727,182008
2019-07-30,46.450001,46.450001,45.700001,46.200001,43.719151,392712
2019-07-31,45.700001,46.900002,45.700001,46.900002,44.381561,323491
2019-08-01,46.799999,46.799999,46.349998,46.599998,44.097668,152501
2019-08-02,47.000000,47.000000,45.849998,45.849998,43.387943,346339
2019-08-05,45.799999,46.150002,45.299999,45.500000,43.056740,355790
2019-08-06,44.799999,45.400002,44.099998,45.200001,42.772850,349871
2019-08-07,45.200001,45.799999,45.200001,45.500000,43.056740,134952
2019-08-08,45.500000,45.900002,45.500000,45.900002,43.435261,129583
2019-08-12,45.799999,46.250000,44.950001,46.150002,43.671837,593475
2019-08-13,45.599998,45.599998,44.250000,44.400002,42.015808,929482
2019-08-14,44.299999,44.500000,42.799999,43.150002,40.832932,945986
2019-08-15,43.000000,43.000000,42.400002,42.650002,40.359779,513475
2019-08-16,42.650002,43.000000,42.500000,42.900002,40.596355,287091
2019-08-19,43.000000,43.299999,42.750000,43.299999,40.974873,390084
2019-08-20,43.400002,44.099998,43.400002,44.049999,41.684601,335281
2019-08-21,44.200001,44.200001,43.650002,43.950001,41.589970,338428
2019-08-22,43.950001,43.950001,43.299999,43.299999,40.974873,325526
2019-08-23,43.299999,43.450001,43.200001,43.299999,40.974873,117841
2019-08-26,42.900002,42.900002,42.599998,42.650002,40.359779,326683
2019-08-27,42.650002,42.750000,42.500000,42.549999,40.265148,213177
2019-08-28,42.549999,42.700001,41.799999,41.900002,39.650051,632297
2019-08-29,41.900002,42.200001,41.750000,42.200001,39.933941,281510
2019-08-30,42.299999,42.500000,42.099998,42.450001,40.170517,124524
2019-09-02,42.599998,43.200001,42.599998,43.150002,40.832932,301766
2019-09-03,43.299999,43.450001,43.200001,43.400002,41.069504,160673
2019-09-04,43.700001,43.700001,42.900002,43.000000,40.690983,353735
2019-09-05,43.400002,43.400002,42.450001,42.549999,40.265148,317557
2019-09-06,42.599998,42.950001,42.549999,42.900002,40.596355,239402
2019-09-10,43.000000,43.299999,42.049999,42.349998,40.075886,487821
2019-09-11,42.099998,42.650002,42.000000,42.500000,40.217831,242241
2019-09-12,42.349998,42.700001,42.299999,42.400002,40.123203,339286
2019-09-16,42.400002,42.450001,42.099998,42.150002,39.886627,227464
2019-09-17,42.150002,42.450001,42.000000,42.400002,40.123203,233913
2019-09-18,42.349998,43.250000,42.349998,43.150002,40.832932,489800
2019-09-19,43.400002,44.500000,43.299999,44.450001,42.063122,896159
2019-09-20,44.500000,44.650002,44.200001,44.299999,41.921177,445864
2019-09-23,44.299999,44.299999,43.650002,43.900002,41.542656,350985
2019-09-24,44.250000,44.250000,43.900002,43.900002,41.542656,128450
2019-09-25,44.000000,44.000000,43.049999,43.250000,40.927559,302228
2019-09-26,43.500000,43.500000,42.599998,42.700001,40.407093,480664
2019-09-27,43.150002,45.000000,43.150002,44.400002,42.015808,1204902
2019-10-01,45.599998,46.099998,44.700001,45.099998,42.678215,1208179
2019-10-02,44.950001,45.700001,44.500000,45.599998,43.151367,601300
2019-10-03,45.500000,45.799999,44.849998,45.500000,43.056740,235700
2019-10-04,45.750000,45.750000,45.000000,45.250000,42.820164,250491
2019-10-07,45.250000,45.400002,44.500000,44.799999,42.394325,362925
2019-10-08,45.000000,45.000000,44.500000,44.799999,42.394325,133880
2019-10-09,44.799999,45.150002,44.750000,45.099998,42.678215,206151
2019-10-14,45.549999,46.500000,45.549999,46.400002,43.908413,782494
2019-10-15,46.400002,47.349998,45.799999,46.900002,44.381561,693592
2019-10-16,46.900002,47.000000,46.599998,46.700001,44.192303,215624
2019-10-17,46.750000,47.400002,46.750000,47.200001,44.665451,445367
2019-10-18,47.299999,48.500000,47.299999,47.799999,45.233231,1836103
2019-10-21,48.000000,48.450001,47.849998,48.000000,45.422493,472181
2019-10-22,48.400002,48.400002,47.599998,48.200001,45.611755,344295
2019-10-23,48.299999,48.299999,47.650002,47.900002,45.327866,248270
2019-10-24,48.000000,48.000000,47.349998,47.549999,44.996655,325772
2019-10-25,47.549999,47.750000,47.450001,47.549999,44.996655,161589
2019-10-28,47.599998,47.650002,47.099998,47.349998,44.807396,223204
2019-10-29,47.200001,47.200001,46.700001,46.900002,44.381561,362465
2019-10-30,46.950001,47.900002,46.950001,47.900002,45.327866,207429
2019-10-31,47.900002,48.349998,47.700001,48.150002,45.564438,318702
2019-11-01,48.049999,48.950001,47.950001,48.400002,45.801014,541954
2019-11-04,48.549999,48.599998,47.900002,47.950001,45.375179,321314
2019-11-05,48.000000,48.500000,48.000000,48.299999,45.706383,231150
2019-11-06,48.250000,49.000000,48.250000,48.950001,46.321480,515717
2019-11-07,48.950001,48.950001,47.799999,48.099998,45.517120,358170
2019-11-08,48.299999,48.299999,48.000000,48.000000,45.422493,103523
2019-11-11,47.099998,47.700001,46.650002,46.650002,44.144985,502409
2019-11-12,46.250000,47.150002,46.250000,46.750000,44.239616,191333
2019-11-13,46.750000,46.849998,46.299999,46.849998,44.334244,193757
2019-11-14,46.299999,46.599998,46.200001,46.450001,43.955727,265247
2019-11-15,46.450001,46.799999,46.299999,46.299999,43.813778,189904
2019-11-18,46.150002,46.349998,46.099998,46.349998,43.861092,101085
2019-11-19,46.349998,46.950001,46.349998,46.650002,44.144985,145147
2019-11-20,46.599998,46.650002,46.250000,46.299999,43.813778,105028
2019-11-21,46.049999,46.099998,45.900002,46.000000,43.529888,194329
2019-11-22,46.000000,46.299999,46.000000,46.200001,43.719151,105733
2019-11-25,46.200001,46.299999,46.099998,46.150002,43.671837,152571
2019-11-26,46.200001,46.799999,46.200001,46.799999,44.286930,166600
2019-11-27,46.799999,47.150002,46.799999,47.150002,44.618137,204893
2019-11-28,47.150002,47.750000,47.049999,47.750000,45.185917,370335
2019-11-29,47.599998,47.799999,47.150002,47.200001,44.665451,135600
2019-12-02,47.200001,47.250000,47.049999,47.150002,44.618137,139378
2019-12-03,47.150002,47.200001,46.549999,46.650002,44.144985,109550
2019-12-04,46.599998,46.799999,46.500000,46.650002,44.144985,60532
2019-12-05,46.650002,46.900002,46.650002,46.900002,44.381561,104259
2019-12-06,46.799999,46.950001,46.500000,46.500000,44.003040,191437
2019-12-09,46.500000,46.599998,46.349998,46.349998,43.861092,140187
2019-12-10,46.599998,47.250000,46.599998,47.150002,44.618137,236040
2019-12-11,47.349998,47.450001,47.099998,47.150002,44.618137,167673
2019-12-12,47.200001,47.299999,47.099998,47.200001,44.665451,122156
2019-12-13,47.200001,47.250000,47.000000,47.099998,44.570820,170799
2019-12-16,47.099998,47.299999,46.799999,47.200001,44.665451,1395
2019-12-17,47.200001,47.349998,47.200001,47.299999,44.760082,234603
2019-12-18,47.299999,48.000000,47.250000,47.900002,45.327866,367049
2019-12-19,47.900002,48.000000,47.700001,47.900002,45.327866,210050
2019-12-20,48.000000,48.049999,47.700001,47.900002,45.327866,180031
2019-12-23,48.099998,48.200001,47.900002,48.150002,45.564438,262114
2019-12-24,48.150002,48.150002,47.750000,47.750000,45.185917,122204
2019-12-25,47.750000,47.750000,47.299999,47.500000,44.949341,137309
2019-12-26,47.400002,47.400002,46.950001,46.950001,44.428875,355626
2019-12-27,46.950001,47.099998,46.700001,46.849998,44.334244,364543
2019-12-30,46.849998,47.200001,46.849998,47.000000,44.476192,301593
2019-12-31,47.000000,47.349998,47.000000,47.150002,44.618137,152214
2020-01-02,47.200001,47.549999,47.200001,47.500000,44.949341,162444
2020-01-03,47.700001,47.700001,47.299999,47.500000,44.949341,175562
2020-01-06,47.400002,47.400002,47.000000,47.150002,44.618137,116172
2020-01-07,47.150002,47.150002,46.599998,46.950001,44.428875,336627
2020-01-08,46.599998,46.700001,46.299999,46.549999,44.050354,265041
2020-01-09,46.599998,46.950001,46.349998,46.849998,44.334244,283508
2020-01-10,47.400002,47.900002,47.099998,47.549999,44.996655,651035
2020-01-13,47.900002,48.200001,47.750000,47.950001,45.375179,620920
2020-01-14,48.099998,48.099998,47.799999,48.049999,45.469807,388893
2020-01-15,48.200001,48.200001,47.950001,48.150002,45.564438,350644
2020-01-16,48.099998,48.599998,48.099998,48.400002,45.801014,457498
2020-01-17,48.400002,48.400002,47.950001,48.049999,45.469807,299506
2020-01-20,48.150002,48.400002,48.150002,48.400002,45.801014,302450
2020-01-30,46.500000,47.599998,46.450001,47.500000,44.949341,829284
2020-01-31,47.200001,49.299999,47.200001,48.700001,46.084904,992077
2020-02-03,48.250000,49.250000,47.400002,48.799999,46.179535,651792
2020-02-04,49.250000,50.200001,48.900002,50.200001,47.504356,1611724
2020-02-05,50.099998,50.099998,47.400002,47.500000,44.949341,1747254
2020-02-06,47.900002,48.250000,47.250000,47.450001,44.902027,674210
2020-02-07,47.549999,47.799999,47.200001,47.349998,44.807396,289633
2020-02-10,47.000000,47.250000,46.700001,46.900002,44.381561,342277
2020-02-11,46.700001,47.150002,46.599998,47.000000,44.476192,345256
2020-02-12,47.150002,47.200001,46.799999,46.900002,44.381561,431298
2020-02-13,47.000000,47.000000,46.700001,46.799999,44.286930,300297
2020-02-14,46.799999,46.799999,46.500000,46.549999,44.050354,346099
2020-02-17,46.549999,46.549999,46.000000,46.099998,43.624519,626360
2020-02-18,46.000000,46.000000,45.599998,45.849998,43.387943,391746
2020-02-19,45.700001,46.500000,45.700001,46.250000,43.766464,314877
2020-02-20,46.450001,46.450001,46.049999,46.049999,43.577202,281141
2020-02-21,46.049999,46.799999,46.049999,46.549999,44.050354,369122
2020-02-24,46.549999,47.000000,46.150002,46.500000,44.003040,474168
2020-02-25,46.000000,46.349998,45.900002,46.250000,43.766464,594816
2020-02-26,46.000000,46.599998,46.000000,46.250000,43.766464,286501
2020-02-27,46.250000,46.799999,46.200001,46.450001,43.955727,507266
2020-03-02,45.799999,46.349998,45.500000,45.500000,43.056740,656984
2020-03-03,45.700001,46.299999,45.700001,46.200001,43.719151,282075
2020-03-04,46.200001,46.650002,46.200001,46.549999,44.050354,268354
2020-03-05,47.000000,47.150002,46.799999,47.099998,44.570820,319892
2020-03-06,47.099998,47.099998,46.799999,47.049999,44.523506,385704
2020-03-09,46.799999,46.799999,45.700001,45.700001,43.245998,511710
2020-03-10,45.200001,45.200001,44.150002,44.700001,42.299698,1068022
2020-03-11,45.799999,46.400002,45.250000,45.849998,43.387943,759142
2020-03-12,45.750000,45.750000,43.349998,44.049999,41.684601,841753
2020-03-13,42.500000,42.500000,40.200001,41.950001,39.697369,1397301
2020-03-16,41.950001,42.000000,40.599998,40.599998,38.419857,744280
2020-03-17,39.049999,40.599998,39.049999,39.700001,37.568188,882528
2020-03-18,39.750000,40.599998,39.500000,40.000000,37.852077,900257
2020-03-19,40.000000,40.000000,38.500000,39.900002,37.757450,1318952
2020-03-20,41.000000,41.950001,38.500000,38.500000,36.432625,2678978
2020-03-23,38.099998,39.099998,38.099998,38.700001,36.621887,787353
2020-03-24,39.049999,39.849998,38.799999,39.200001,37.095036,564252
2020-03-25,39.950001,40.650002,39.549999,40.450001,38.277916,571581
2020-03-26,40.799999,41.299999,40.200001,41.000000,38.798378,433737
2020-03-27,41.799999,41.950001,40.900002,41.150002,38.940327,706809
2020-03-30,40.849998,41.950001,40.049999,41.500000,39.271530,444320
2020-03-31,41.700001,41.849998,41.000000,41.750000,39.508106,528892
2020-04-01,41.750000,41.900002,41.250000,41.450001,39.224216,423390
2020-04-06,41.450001,41.799999,40.799999,41.349998,39.129585,428733
2020-04-07,41.849998,42.500000,41.650002,42.450001,40.170517,564488
2020-04-08,43.250000,43.950001,42.599998,43.950001,41.589970,580960
2020-04-09,44.549999,44.700001,44.000000,44.299999,41.921177,439351
2020-04-10,44.299999,45.000000,44.150002,44.750000,42.347012,362171
2020-04-13,44.799999,45.000000,44.349998,44.750000,42.347012,222656
2020-04-14,44.849998,45.500000,44.849998,45.500000,43.056740,229059
2020-04-15,45.500000,45.750000,45.299999,45.500000,43.056740,615350
2020-04-16,45.450001,45.450001,44.900002,45.099998,42.678215,368684
2020-04-17,45.299999,45.599998,44.500000,44.700001,42.299698,411858
2020-04-20,44.500000,44.900002,44.299999,44.900002,42.488960,414282
2020-04-21,44.700001,44.750000,44.200001,44.250000,41.873859,660172
2020-04-22,44.000000,44.250000,43.299999,44.000000,41.637283,401590
2020-04-23,44.500000,45.200001,44.299999,45.150002,42.725533,453668
2020-04-24,45.299999,45.400002,44.750000,45.099998,42.678215,274642
2020-04-27,45.400002,45.650002,45.150002,45.549999,43.104053,300073
2020-04-28,45.599998,46.099998,45.599998,46.099998,43.624519,256060
2020-04-29,46.099998,47.099998,45.849998,46.950001,44.428875,398576
2020-04-30,47.099998,47.549999,47.049999,47.299999,44.760082,385237
2020-05-04,47.200001,47.200001,46.000000,46.349998,43.861092,307969
2020-05-05,46.500000,47.150002,46.049999,46.650002,44.144985,181578
2020-05-06,46.750000,47.099998,46.299999,46.900002,44.381561,159145
2020-05-07,46.750000,47.450001,46.750000,47.150002,44.618137,225408
2020-05-08,47.299999,48.099998,47.299999,47.900002,45.327866,357284
2020-05-11,47.900002,47.900002,47.200001,47.450001,44.902027,225439
2020-05-12,47.450001,47.450001,46.700001,46.750000,44.239616,238033
2020-05-13,46.000000,46.500000,45.650002,46.400002,43.908413,420642
2020-05-14,46.400002,46.450001,46.049999,46.049999,43.577202,209553
2020-05-15,46.150002,46.200001,45.750000,46.150002,43.671837,217040
2020-05-18,46.000000,46.700001,46.000000,46.150002,43.671837,188432
2020-05-19,46.200001,46.650002,46.200001,46.650002,44.144985,110806
2020-05-20,46.700001,46.900002,45.250000,46.549999,44.050354,160575
2020-05-21,46.599998,47.000000,46.599998,46.750000,44.239616,87489
2020-05-22,46.750000,46.849998,46.000000,46.150002,43.671837,226729
2020-05-25,46.150002,46.650002,45.799999,46.549999,44.050354,90027
2020-05-26,46.650002,47.049999,46.650002,46.950001,44.428875,142970
2020-05-27,47.049999,47.400002,46.599998,47.250000,44.712765,194733
2020-05-28,47.400002,47.599998,46.650002,46.849998,44.334244,147666
2020-05-29,46.849998,47.099998,46.599998,47.049999,44.523506,59765
2020-06-01,47.000000,47.750000,47.000000,47.650002,45.091290,195904
2020-06-02,47.650002,47.750000,47.250000,47.400002,44.854713,178745
2020-06-03,47.700001,48.150002,47.599998,47.599998,45.043972,320802
2020-06-04,48.000000,48.000000,47.500000,47.750000,45.185917,179432
2020-06-05,47.799999,47.950001,47.599998,47.700001,45.138603,149817
2020-06-08,47.900002,48.000000,47.700001,47.799999,45.233231,223321
2020-06-09,48.000000,48.200001,47.799999,48.099998,45.517120,389804
2020-06-10,48.099998,48.200001,47.799999,48.049999,45.469807,240860
2020-06-11,48.000000,48.000000,47.500000,47.700001,45.138603,230733
2020-06-12,47.000000,47.650002,46.549999,47.549999,44.996655,193568
2020-06-15,47.599998,47.599998,46.700001,46.700001,44.192303,300944
2020-06-16,46.849998,47.450001,46.849998,47.400002,44.854713,267417
2020-06-17,47.599998,48.000000,47.599998,47.799999,45.233231,168720
2020-06-18,48.200001,48.799999,47.799999,47.950001,45.375179,418604
2020-06-19,48.200001,49.400002,48.000000,49.400002,46.747318,1183856
2020-06-22,49.599998,49.599998,48.799999,49.349998,46.700001,1319975
2020-06-23,46.900002,47.799999,46.750000,47.799999,47.799999,1237628
2020-06-24,47.900002,48.450001,47.750000,47.799999,47.799999,468443
2020-06-29,47.599998,47.750000,47.099998,47.599998,47.599998,328013
2020-06-30,47.799999,47.799999,47.049999,47.299999,47.299999,247059
2020-07-01,47.400002,47.599998,47.150002,47.250000,47.250000,297078
2020-07-02,47.349998,47.349998,46.799999,46.900002,46.900002,579543
2020-07-03,47.000000,47.650002,47.000000,47.650002,47.650002,404109
2020-07-06,47.750000,48.000000,47.200001,47.349998,47.349998,545074
2020-07-07,47.650002,48.450001,47.450001,48.400002,48.400002,778057
2020-07-08,48.500000,48.500000,47.799999,48.000000,48.000000,306466
2020-07-09,48.000000,48.099998,47.599998,48.000000,48.000000,329539
2020-07-10,47.599998,48.299999,47.099998,48.000000,48.000000,435384
2020-07-13,48.049999,48.349998,47.799999,48.200001,48.200001,222307
2020-07-14,48.200001,48.200001,46.549999,47.349998,47.349998,361381
2020-07-15,47.400002,47.650002,47.000000,47.500000,47.500000,250518
2020-07-16,47.500000,48.150002,47.400002,48.049999,48.049999,434312
2020-07-17,48.200001,48.200001,47.849998,47.900002,47.900002,233820
2020-07-20,47.900002,48.099998,47.349998,47.950001,47.950001,237906
2020-07-21,48.000000,48.500000,47.700001,48.150002,48.150002,786251
2020-07-22,48.150002,48.799999,48.150002,48.450001,48.450001,288609
2020-07-23,48.549999,48.650002,48.200001,48.500000,48.500000,291240
2020-07-24,48.450001,48.900002,48.450001,48.650002,48.650002,505010
2020-07-27,48.650002,48.750000,48.150002,48.500000,48.500000,435277
2020-07-28,48.200001,48.599998,48.099998,48.250000,48.250000,352955
2020-07-29,48.049999,49.099998,48.049999,49.000000,49.000000,441919
2020-07-30,49.049999,50.200001,49.049999,49.900002,49.900002,826390
2020-07-31,50.000000,50.799999,49.900002,50.400002,50.400002,494305
2020-08-03,50.400002,51.500000,50.400002,50.700001,50.700001,568682
2020-08-04,51.000000,51.099998,49.799999,50.200001,50.200001,340199
2020-08-05,50.200001,50.200001,49.650002,50.000000,50.000000,251971
2020-08-06,50.000000,50.200001,49.400002,49.450001,49.450001,357098
2020-08-07,49.599998,49.599998,48.700001,48.849998,48.849998,362059
2020-08-10,49.000000,49.000000,48.200001,48.599998,48.599998,165457
2020-08-11,48.599998,48.799999,48.299999,48.650002,48.650002,254746
2020-08-12,49.000000,49.000000,48.250000,48.299999,48.299999,144522
2020-08-13,48.349998,48.799999,48.349998,48.599998,48.599998,225049
2020-08-14,48.750000,49.849998,48.549999,49.349998,49.349998,260127
2020-08-17,49.349998,49.349998,48.500000,48.750000,48.750000,424996
2020-08-18,48.750000,49.200001,48.150002,49.049999,49.049999,326739
2020-08-19,49.099998,49.599998,49.049999,49.400002,49.400002,342932
2020-08-20,49.599998,49.599998,48.049999,48.150002,48.150002,491617
2020-08-21,48.200001,48.900002,48.200001,48.849998,48.849998,188381
2020-08-24,48.500000,48.750000,48.000000,48.299999,48.299999,183393
2020-08-25,48.299999,48.650002,48.200001,48.250000,48.250000,135503
2020-08-26,48.299999,48.500000,48.200001,48.400002,48.400002,125400
2020-08-27,48.500000,48.750000,48.000000,48.049999,48.049999,329757
2020-08-28,48.000000,48.099998,47.599998,47.650002,47.650002,367497
2020-08-31,48.000000,48.000000,47.400002,47.500000,47.500000,249055
2020-09-01,47.400002,47.400002,47.000000,47.049999,47.049999,353427
2020-09-02,47.099998,47.500000,47.000000,47.049999,47.049999,227091
2020-09-03,47.200001,47.700001,47.099998,47.099998,47.099998,163306
2020-09-04,46.900002,47.099998,46.599998,47.000000,47.000000,167520
2020-09-07,47.400002,47.400002,46.599998,46.799999,46.799999,243518
2020-09-08,46.900002,46.900002,46.599998,46.650002,46.650002,136233
2020-09-09,46.700001,47.099998,46.599998,47.049999,47.049999,175108
2020-09-10,47.200001,48.000000,47.200001,47.700001,47.700001,346738
2020-09-11,47.650002,47.650002,47.099998,47.150002,47.150002,219147
2020-09-14,47.299999,47.599998,47.150002,47.500000,47.500000,173970
2020-09-15,47.450001,47.500000,47.200001,47.299999,47.299999,90352
2020-09-16,47.549999,48.099998,47.549999,47.950001,47.950001,228003
2020-09-17,48.000000,48.150002,47.750000,47.900002,47.900002,52318
2020-09-18,47.900002,48.000000,47.549999,47.750000,47.750000,194620
2020-09-21,47.650002,48.000000,47.650002,47.950001,47.950001,97176
2020-09-22,47.549999,47.799999,47.049999,47.500000,47.500000,258911
2020-09-23,47.500000,48.000000,47.299999,47.750000,47.750000,136709
2020-09-24,47.500000,47.500000,46.599998,46.900002,46.900002,392283
2020-09-25,46.900002,47.200001,46.700001,46.750000,46.750000,229362
2020-09-28,46.750000,47.200001,46.700001,46.849998,46.849998,310622
2020-09-29,47.000000,47.150002,47.000000,47.150002,47.150002,62223
2020-09-30,47.000000,47.200001,46.849998,46.849998,46.849998,137499
2020-10-05,46.849998,47.250000,46.849998,47.200001,47.200001,103039
2020-10-06,47.500000,47.849998,47.500000,47.750000,47.750000,181067
2020-10-07,47.750000,48.150002,47.549999,48.150002,48.150002,105632
2020-10-08,48.200001,49.500000,48.049999,49.150002,49.150002,351025
2020-10-12,49.099998,49.099998,48.250000,48.750000,48.750000,325120
2020-10-13,48.750000,48.750000,48.200001,48.250000,48.250000,206830
2020-10-14,48.400002,48.799999,48.000000,48.700001,48.700001,93304
2020-10-15,48.750000,49.200001,48.750000,48.900002,48.900002,315225
2020-10-16,48.900002,49.200001,48.400002,48.950001,48.950001,186928
2020-10-19,49.000000,49.400002,48.599998,49.400002,49.400002,166810
2020-10-20,49.400002,49.450001,49.200001,49.400002,49.400002,182600
2020-10-21,49.349998,49.599998,49.099998,49.500000,49.500000,209243
2020-10-22,49.500000,49.700001,49.200001,49.200001,49.200001,298344
2020-10-23,49.200001,49.349998,49.000000,49.349998,49.349998,145853
2020-10-26,49.200001,49.349998,48.900002,48.900002,48.900002,174983
2020-10-27,48.849998,50.299999,48.849998,49.599998,49.599998,597226
2020-10-28,49.900002,50.099998,49.549999,49.900002,49.900002,221088
2020-10-29,49.299999,49.750000,49.049999,49.450001,49.450001,90939
2020-10-30,49.200001,49.500000,49.150002,49.349998,49.349998,110568
2020-11-02,49.099998,49.349998,49.099998,49.250000,49.250000,76538
2020-11-03,49.150002,50.099998,49.099998,50.000000,50.000000,357949
2020-11-04,50.000000,50.500000,49.950001,50.000000,50.000000,318120
2020-11-05,50.500000,50.500000,50.099998,50.299999,50.299999,131259
2020-11-06,50.299999,51.000000,50.099998,50.099998,50.099998,241767
2020-11-09,51.000000,51.000000,50.099998,50.500000,50.500000,188273
2020-11-10,50.900002,51.299999,50.700001,51.099998,51.099998,473400
2020-11-11,51.700001,51.900002,51.000000,51.299999,51.299999,406254
2020-11-12,51.099998,51.099998,50.200001,50.799999,50.799999,175200
2020-11-13,51.000000,51.099998,50.200001,50.799999,50.799999,178560
2020-11-16,50.799999,51.099998,50.200001,50.900002,50.900002,205958
2020-11-17,50.599998,51.099998,50.400002,51.099998,51.099998,149269
2020-11-18,51.400002,51.599998,51.099998,51.299999,51.299999,312100
2020-11-19,51.000000,51.400002,51.000000,51.400002,51.400002,105761
2020-11-20,51.599998,51.599998,50.900002,51.500000,51.500000,115573
2020-11-23,51.500000,51.700001,51.299999,51.400002,51.400002,210496
2020-11-24,51.400002,51.400002,51.099998,51.200001,51.200001,79488
2020-11-25,51.200001,51.400002,50.599998,51.000000,51.000000,165259
2020-11-26,51.000000,51.000000,50.700001,51.000000,51.000000,85571
2020-11-27,50.500000,51.299999,50.500000,51.099998,51.099998,95118
2020-11-30,50.799999,50.799999,50.200001,50.599998,50.599998,347521
2020-12-01,50.400002,50.500000,50.000000,50.400002,50.400002,139594
2020-12-02,50.200001,50.599998,49.799999,50.299999,50.299999,240599
2020-12-03,50.000000,50.700001,49.950001,50.400002,50.400002,180266
2020-12-04,50.500000,50.700001,50.299999,50.599998,50.599998,235876
2020-12-07,50.599998,51.299999,50.599998,51.299999,51.299999,213944
2020-12-08,51.400002,54.799999,51.400002,52.799999,52.799999,961704
2020-12-09,53.200001,54.400002,53.000000,53.900002,53.900002,606567
2020-12-10,53.700001,53.700001,53.099998,53.200001,53.200001,268051
2020-12-11,53.099998,53.200001,52.000000,52.799999,52.799999,314268
2020-12-14,52.799999,53.000000,52.000000,52.299999,52.299999,149172
2020-12-15,51.799999,52.400002,51.700001,51.799999,51.799999,173572
2020-12-16,52.000000,53.799999,51.900002,53.599998,53.599998,395579
2020-12-17,53.599998,53.700001,52.400002,53.099998,53.099998,222746
2020-12-18,53.900002,53.900002,52.400002,53.500000,53.500000,354104
2020-12-21,53.500000,53.500000,52.599998,53.299999,53.299999,103556
2020-12-22,52.799999,53.200001,52.599998,52.700001,52.700001,60428
2020-12-23,52.299999,52.700001,52.299999,52.299999,52.299999,43414
2020-12-24,52.299999,52.599998,52.099998,52.500000,52.500000,86285
2020-12-25,52.200001,52.500000,52.200001,52.299999,52.299999,164558
2020-12-28,52.299999,52.900002,52.200001,52.400002,52.400002,119475
2020-12-29,52.299999,52.500000,51.900002,52.099998,52.099998,133951
2020-12-30,51.799999,52.299999,51.799999,52.099998,52.099998,132121
2020-12-31,52.099998,52.099998,51.700001,51.799999,51.799999,189233
2021-01-04,51.799999,52.799999,51.799999,52.200001,52.200001,207921
2021-01-05,52.200001,52.500000,51.900002,52.299999,52.299999,174380
2021-01-06,52.299999,52.500000,51.799999,52.200001,52.200001,264089
2021-01-07,52.200001,52.400002,51.900002,52.299999,52.299999,250329
2021-01-08,52.400002,52.599998,51.900002,51.900002,51.900002,204609
2021-01-11,51.400002,52.500000,51.200001,52.500000,52.500000,396307
2021-01-12,52.099998,52.200001,51.400002,51.599998,51.599998,260460
2021-01-13,51.700001,52.000000,51.400002,51.500000,51.500000,195917
2021-01-14,52.000000,52.000000,51.099998,51.299999,51.299999,183309
2021-01-15,51.500000,51.799999,50.099998,50.400002,50.400002,416001